,gsm,gse,geo_summary,spaceflight
0,GSM8251053,GSE266567,"Perform RNAseq with existing frozen mouse DO tissues from ~500 DO mice were sensitized on a HFHS diet (Keller, Gatti et al. 2018). The same mice have been extensively characterized for T2D-relevant clinical phenotypes, ex-vivo islet function, and other features including microbiome profiling.  Gene expression and proteomic profiling has already been completed in islets. We will collect and analyze the genetic architecture of gene expression in liver, adipose, skeletal muscle. Tissues will be sent to JAX Bar Harbor from Alan Attie’s lab. These tissues were from the same mice used for transcriptome analysis of islets (Genetics May 1, 2018 vol. 209 no. 1 335-356)",Ground Control
1,GSM4063448,GSE136948,"Insulin deficiency and uncontrolled diabetes lead to a catabolic state with decreased muscle strength, contributing to disease-related morbidity. FoxO transcription factors are suppressed by insulin and thus are key mediators of insulin action. To study their role in diabetic muscle wasting, we created mice with muscle-specific triple knockout of FoxO1/3/4 and induced diabetes in these M-FoxO-TKO mice with streptozotocin (STZ). Muscle mass and myofiber area were decreased 20-30% in STZ-Diabetes mice due to increased ubiquitin-proteasome degradation and autophagy alterations, characterized by increased LC3-containing vesicles, and elevated levels of phosphorylated ULK1 and LC3-II. Both the muscle loss and markers of increased degradation/autophagy were completely prevented in STZ FoxO-TKO mice. Transcriptomic analyses revealed FoxO-dependent increases in ubiquitin-mediated proteolysis pathways in STZ-Diabetes, including regulation of Fbxo32 (Atrogin1), Trim63 (MuRF1), Bnip3L, and Gabarapl. These same genes were increased 1.4- to 3.3-fold in muscle from humans with type 1 diabetes after short-term insulin deprivation. Thus, FoxO-regulated genes play a rate-limiting role in increased protein degradation and muscle atrophy in insulin-deficient diabetes.",Ground Control
2,GSM4063450,GSE136948,"Insulin deficiency and uncontrolled diabetes lead to a catabolic state with decreased muscle strength, contributing to disease-related morbidity. FoxO transcription factors are suppressed by insulin and thus are key mediators of insulin action. To study their role in diabetic muscle wasting, we created mice with muscle-specific triple knockout of FoxO1/3/4 and induced diabetes in these M-FoxO-TKO mice with streptozotocin (STZ). Muscle mass and myofiber area were decreased 20-30% in STZ-Diabetes mice due to increased ubiquitin-proteasome degradation and autophagy alterations, characterized by increased LC3-containing vesicles, and elevated levels of phosphorylated ULK1 and LC3-II. Both the muscle loss and markers of increased degradation/autophagy were completely prevented in STZ FoxO-TKO mice. Transcriptomic analyses revealed FoxO-dependent increases in ubiquitin-mediated proteolysis pathways in STZ-Diabetes, including regulation of Fbxo32 (Atrogin1), Trim63 (MuRF1), Bnip3L, and Gabarapl. These same genes were increased 1.4- to 3.3-fold in muscle from humans with type 1 diabetes after short-term insulin deprivation. Thus, FoxO-regulated genes play a rate-limiting role in increased protein degradation and muscle atrophy in insulin-deficient diabetes.",Ground Control
3,GSM8250132,GSE266549,"Perform RNAseq with existing frozen mouse DO tissues from ~500 DO mice were sensitized on a HFHS diet (Keller, Gatti et al. 2018). The same mice have been extensively characterized for T2D-relevant clinical phenotypes, ex-vivo islet function, and other features including microbiome profiling.  Gene expression and proteomic profiling has already been completed in islets. We will collect and analyze the genetic architecture of gene expression in liver, adipose, skeletal muscle. Tissues will be sent to JAX Bar Harbor from Alan Attie’s lab. These tissues were from the same mice used for transcriptome analysis of islets (Genetics May 1, 2018 vol. 209 no. 1 335-356)",Ground Control
4,GSM8251045,GSE266567,"Perform RNAseq with existing frozen mouse DO tissues from ~500 DO mice were sensitized on a HFHS diet (Keller, Gatti et al. 2018). The same mice have been extensively characterized for T2D-relevant clinical phenotypes, ex-vivo islet function, and other features including microbiome profiling.  Gene expression and proteomic profiling has already been completed in islets. We will collect and analyze the genetic architecture of gene expression in liver, adipose, skeletal muscle. Tissues will be sent to JAX Bar Harbor from Alan Attie’s lab. These tissues were from the same mice used for transcriptome analysis of islets (Genetics May 1, 2018 vol. 209 no. 1 335-356)",Ground Control
5,GSM7469506,GSE234495,This SuperSeries is composed of the SubSeries listed below.,Ground Control
6,GSM5388342,GSE178356,"Decreased skeletal muscle strength and mitochondrial dysfunction are characteristic of diabetes. Action of insulin through insulin receptor (IR) and IGF-1 receptor (IGF1R) maintain muscle mass via suppression of FoxOs, but whether FoxO activation coordinates atrophy in concert with mitochondrial dysfunction is unknown. In the absence of systemic glucose or lipid abnormalities, muscle-specific IR knockout (MIRKO) or combined IR/IGF1R knockout (MIGIRKO) impaired mitochondrial respiration, decreased ATP production, and increased ROS. These mitochondrial abnormalities were not present in muscle-specific IR/IGF1R and FoxO1/3/4 quintuple knockout mice (QKO). Although autophagy was increased when IR/IGF1R were deleted in muscle, mitophagy was not increased. Mechanistically, RNA-seq revealed that complex-I core subunits were decreased in MIGIRKO muscle, and these were reversed with FoxO knockout. Thus, insulin-deficient diabetes or loss of insulin/IGF-1 action in muscle decreases complex-I driven mitochondrial respiration and supercomplex assembly, in part by FoxO-mediated repression of Complex-I subunit expression.",Ground Control
7,GSM8250883,GSE266567,"Perform RNAseq with existing frozen mouse DO tissues from ~500 DO mice were sensitized on a HFHS diet (Keller, Gatti et al. 2018). The same mice have been extensively characterized for T2D-relevant clinical phenotypes, ex-vivo islet function, and other features including microbiome profiling.  Gene expression and proteomic profiling has already been completed in islets. We will collect and analyze the genetic architecture of gene expression in liver, adipose, skeletal muscle. Tissues will be sent to JAX Bar Harbor from Alan Attie’s lab. These tissues were from the same mice used for transcriptome analysis of islets (Genetics May 1, 2018 vol. 209 no. 1 335-356)",Ground Control
8,GSM8249967,GSE266549,"Perform RNAseq with existing frozen mouse DO tissues from ~500 DO mice were sensitized on a HFHS diet (Keller, Gatti et al. 2018). The same mice have been extensively characterized for T2D-relevant clinical phenotypes, ex-vivo islet function, and other features including microbiome profiling.  Gene expression and proteomic profiling has already been completed in islets. We will collect and analyze the genetic architecture of gene expression in liver, adipose, skeletal muscle. Tissues will be sent to JAX Bar Harbor from Alan Attie’s lab. These tissues were from the same mice used for transcriptome analysis of islets (Genetics May 1, 2018 vol. 209 no. 1 335-356)",Ground Control
9,GSM4063467,GSE136948,"Insulin deficiency and uncontrolled diabetes lead to a catabolic state with decreased muscle strength, contributing to disease-related morbidity. FoxO transcription factors are suppressed by insulin and thus are key mediators of insulin action. To study their role in diabetic muscle wasting, we created mice with muscle-specific triple knockout of FoxO1/3/4 and induced diabetes in these M-FoxO-TKO mice with streptozotocin (STZ). Muscle mass and myofiber area were decreased 20-30% in STZ-Diabetes mice due to increased ubiquitin-proteasome degradation and autophagy alterations, characterized by increased LC3-containing vesicles, and elevated levels of phosphorylated ULK1 and LC3-II. Both the muscle loss and markers of increased degradation/autophagy were completely prevented in STZ FoxO-TKO mice. Transcriptomic analyses revealed FoxO-dependent increases in ubiquitin-mediated proteolysis pathways in STZ-Diabetes, including regulation of Fbxo32 (Atrogin1), Trim63 (MuRF1), Bnip3L, and Gabarapl. These same genes were increased 1.4- to 3.3-fold in muscle from humans with type 1 diabetes after short-term insulin deprivation. Thus, FoxO-regulated genes play a rate-limiting role in increased protein degradation and muscle atrophy in insulin-deficient diabetes.",Ground Control
10,GSM5829355,GSE194145,"Clinicians and researchers are turning towards precision medicine to treat and prevent obesity and diabetes, given the known contributions of genetics to these metabolic diseases and the wide variability reported in response to treatments. Animal models that incorporate the genetic diversity present in the human population may help discover novel genetic contributors to metabolic disease and test potential treatments. We characterized the Diversity Outbred (DO) mouse population as a model in which to study interindividual variability in metabolic disease and investigated the presence of metabolic subgroups within the population. Glucose metabolism was assessed in male Diversity Outbred (DO) mice after consumption of a high-fat diet for 14 weeks and profiled transcriptomic changes in liver, adipose, and muscle—key tissues involved in glucose homeostasis. To identify metabolic subgroups, we applied classification and regression tree analyses to metabolic phenotype measures as well as transcriptomic data. These findings suggest that DO mice exhibit a diversity of metabolic phenotypes that can be segmented into subgroups using a machine learning approach. The metabolic subgroups observed in the DO may be a useful for probing the phenotypic variability in metabolic disease observed in humans.",Space Flight
11,GSM7469506,GSE234495,This SuperSeries is composed of the SubSeries listed below.,Space Flight
12,GSM5829438,GSE194145,"Clinicians and researchers are turning towards precision medicine to treat and prevent obesity and diabetes, given the known contributions of genetics to these metabolic diseases and the wide variability reported in response to treatments. Animal models that incorporate the genetic diversity present in the human population may help discover novel genetic contributors to metabolic disease and test potential treatments. We characterized the Diversity Outbred (DO) mouse population as a model in which to study interindividual variability in metabolic disease and investigated the presence of metabolic subgroups within the population. Glucose metabolism was assessed in male Diversity Outbred (DO) mice after consumption of a high-fat diet for 14 weeks and profiled transcriptomic changes in liver, adipose, and muscle—key tissues involved in glucose homeostasis. To identify metabolic subgroups, we applied classification and regression tree analyses to metabolic phenotype measures as well as transcriptomic data. These findings suggest that DO mice exhibit a diversity of metabolic phenotypes that can be segmented into subgroups using a machine learning approach. The metabolic subgroups observed in the DO may be a useful for probing the phenotypic variability in metabolic disease observed in humans.",Space Flight
13,GSM7469505,GSE234495,This SuperSeries is composed of the SubSeries listed below.,Space Flight
14,GSM7469511,GSE234495,This SuperSeries is composed of the SubSeries listed below.,Space Flight
15,GSM5829381,GSE194145,"Clinicians and researchers are turning towards precision medicine to treat and prevent obesity and diabetes, given the known contributions of genetics to these metabolic diseases and the wide variability reported in response to treatments. Animal models that incorporate the genetic diversity present in the human population may help discover novel genetic contributors to metabolic disease and test potential treatments. We characterized the Diversity Outbred (DO) mouse population as a model in which to study interindividual variability in metabolic disease and investigated the presence of metabolic subgroups within the population. Glucose metabolism was assessed in male Diversity Outbred (DO) mice after consumption of a high-fat diet for 14 weeks and profiled transcriptomic changes in liver, adipose, and muscle—key tissues involved in glucose homeostasis. To identify metabolic subgroups, we applied classification and regression tree analyses to metabolic phenotype measures as well as transcriptomic data. These findings suggest that DO mice exhibit a diversity of metabolic phenotypes that can be segmented into subgroups using a machine learning approach. The metabolic subgroups observed in the DO may be a useful for probing the phenotypic variability in metabolic disease observed in humans.",Space Flight
16,GSM5829431,GSE194145,"Clinicians and researchers are turning towards precision medicine to treat and prevent obesity and diabetes, given the known contributions of genetics to these metabolic diseases and the wide variability reported in response to treatments. Animal models that incorporate the genetic diversity present in the human population may help discover novel genetic contributors to metabolic disease and test potential treatments. We characterized the Diversity Outbred (DO) mouse population as a model in which to study interindividual variability in metabolic disease and investigated the presence of metabolic subgroups within the population. Glucose metabolism was assessed in male Diversity Outbred (DO) mice after consumption of a high-fat diet for 14 weeks and profiled transcriptomic changes in liver, adipose, and muscle—key tissues involved in glucose homeostasis. To identify metabolic subgroups, we applied classification and regression tree analyses to metabolic phenotype measures as well as transcriptomic data. These findings suggest that DO mice exhibit a diversity of metabolic phenotypes that can be segmented into subgroups using a machine learning approach. The metabolic subgroups observed in the DO may be a useful for probing the phenotypic variability in metabolic disease observed in humans.",Space Flight
17,GSM5388348,GSE178356,"Decreased skeletal muscle strength and mitochondrial dysfunction are characteristic of diabetes. Action of insulin through insulin receptor (IR) and IGF-1 receptor (IGF1R) maintain muscle mass via suppression of FoxOs, but whether FoxO activation coordinates atrophy in concert with mitochondrial dysfunction is unknown. In the absence of systemic glucose or lipid abnormalities, muscle-specific IR knockout (MIRKO) or combined IR/IGF1R knockout (MIGIRKO) impaired mitochondrial respiration, decreased ATP production, and increased ROS. These mitochondrial abnormalities were not present in muscle-specific IR/IGF1R and FoxO1/3/4 quintuple knockout mice (QKO). Although autophagy was increased when IR/IGF1R were deleted in muscle, mitophagy was not increased. Mechanistically, RNA-seq revealed that complex-I core subunits were decreased in MIGIRKO muscle, and these were reversed with FoxO knockout. Thus, insulin-deficient diabetes or loss of insulin/IGF-1 action in muscle decreases complex-I driven mitochondrial respiration and supercomplex assembly, in part by FoxO-mediated repression of Complex-I subunit expression.",Space Flight
18,GSM5829447,GSE194145,"Clinicians and researchers are turning towards precision medicine to treat and prevent obesity and diabetes, given the known contributions of genetics to these metabolic diseases and the wide variability reported in response to treatments. Animal models that incorporate the genetic diversity present in the human population may help discover novel genetic contributors to metabolic disease and test potential treatments. We characterized the Diversity Outbred (DO) mouse population as a model in which to study interindividual variability in metabolic disease and investigated the presence of metabolic subgroups within the population. Glucose metabolism was assessed in male Diversity Outbred (DO) mice after consumption of a high-fat diet for 14 weeks and profiled transcriptomic changes in liver, adipose, and muscle—key tissues involved in glucose homeostasis. To identify metabolic subgroups, we applied classification and regression tree analyses to metabolic phenotype measures as well as transcriptomic data. These findings suggest that DO mice exhibit a diversity of metabolic phenotypes that can be segmented into subgroups using a machine learning approach. The metabolic subgroups observed in the DO may be a useful for probing the phenotypic variability in metabolic disease observed in humans.",Space Flight
19,GSM5829403,GSE194145,"Clinicians and researchers are turning towards precision medicine to treat and prevent obesity and diabetes, given the known contributions of genetics to these metabolic diseases and the wide variability reported in response to treatments. Animal models that incorporate the genetic diversity present in the human population may help discover novel genetic contributors to metabolic disease and test potential treatments. We characterized the Diversity Outbred (DO) mouse population as a model in which to study interindividual variability in metabolic disease and investigated the presence of metabolic subgroups within the population. Glucose metabolism was assessed in male Diversity Outbred (DO) mice after consumption of a high-fat diet for 14 weeks and profiled transcriptomic changes in liver, adipose, and muscle—key tissues involved in glucose homeostasis. To identify metabolic subgroups, we applied classification and regression tree analyses to metabolic phenotype measures as well as transcriptomic data. These findings suggest that DO mice exhibit a diversity of metabolic phenotypes that can be segmented into subgroups using a machine learning approach. The metabolic subgroups observed in the DO may be a useful for probing the phenotypic variability in metabolic disease observed in humans.",Space Flight
20,GSM8251053,GSE266567,"Perform RNAseq with existing frozen mouse DO tissues from ~500 DO mice were sensitized on a HFHS diet (Keller, Gatti et al. 2018). The same mice have been extensively characterized for T2D-relevant clinical phenotypes, ex-vivo islet function, and other features including microbiome profiling.  Gene expression and proteomic profiling has already been completed in islets. We will collect and analyze the genetic architecture of gene expression in liver, adipose, skeletal muscle. Tissues will be sent to JAX Bar Harbor from Alan Attie’s lab. These tissues were from the same mice used for transcriptome analysis of islets (Genetics May 1, 2018 vol. 209 no. 1 335-356)",Vivarium Control
21,GSM5829355,GSE194145,"Clinicians and researchers are turning towards precision medicine to treat and prevent obesity and diabetes, given the known contributions of genetics to these metabolic diseases and the wide variability reported in response to treatments. Animal models that incorporate the genetic diversity present in the human population may help discover novel genetic contributors to metabolic disease and test potential treatments. We characterized the Diversity Outbred (DO) mouse population as a model in which to study interindividual variability in metabolic disease and investigated the presence of metabolic subgroups within the population. Glucose metabolism was assessed in male Diversity Outbred (DO) mice after consumption of a high-fat diet for 14 weeks and profiled transcriptomic changes in liver, adipose, and muscle—key tissues involved in glucose homeostasis. To identify metabolic subgroups, we applied classification and regression tree analyses to metabolic phenotype measures as well as transcriptomic data. These findings suggest that DO mice exhibit a diversity of metabolic phenotypes that can be segmented into subgroups using a machine learning approach. The metabolic subgroups observed in the DO may be a useful for probing the phenotypic variability in metabolic disease observed in humans.",Vivarium Control
22,GSM7469511,GSE234495,This SuperSeries is composed of the SubSeries listed below.,Vivarium Control
23,GSM5829447,GSE194145,"Clinicians and researchers are turning towards precision medicine to treat and prevent obesity and diabetes, given the known contributions of genetics to these metabolic diseases and the wide variability reported in response to treatments. Animal models that incorporate the genetic diversity present in the human population may help discover novel genetic contributors to metabolic disease and test potential treatments. We characterized the Diversity Outbred (DO) mouse population as a model in which to study interindividual variability in metabolic disease and investigated the presence of metabolic subgroups within the population. Glucose metabolism was assessed in male Diversity Outbred (DO) mice after consumption of a high-fat diet for 14 weeks and profiled transcriptomic changes in liver, adipose, and muscle—key tissues involved in glucose homeostasis. To identify metabolic subgroups, we applied classification and regression tree analyses to metabolic phenotype measures as well as transcriptomic data. These findings suggest that DO mice exhibit a diversity of metabolic phenotypes that can be segmented into subgroups using a machine learning approach. The metabolic subgroups observed in the DO may be a useful for probing the phenotypic variability in metabolic disease observed in humans.",Vivarium Control
24,GSM7469506,GSE234495,This SuperSeries is composed of the SubSeries listed below.,Vivarium Control
25,GSM8249924,GSE266549,"Perform RNAseq with existing frozen mouse DO tissues from ~500 DO mice were sensitized on a HFHS diet (Keller, Gatti et al. 2018). The same mice have been extensively characterized for T2D-relevant clinical phenotypes, ex-vivo islet function, and other features including microbiome profiling.  Gene expression and proteomic profiling has already been completed in islets. We will collect and analyze the genetic architecture of gene expression in liver, adipose, skeletal muscle. Tissues will be sent to JAX Bar Harbor from Alan Attie’s lab. These tissues were from the same mice used for transcriptome analysis of islets (Genetics May 1, 2018 vol. 209 no. 1 335-356)",Vivarium Control
26,GSM8250840,GSE266567,"Perform RNAseq with existing frozen mouse DO tissues from ~500 DO mice were sensitized on a HFHS diet (Keller, Gatti et al. 2018). The same mice have been extensively characterized for T2D-relevant clinical phenotypes, ex-vivo islet function, and other features including microbiome profiling.  Gene expression and proteomic profiling has already been completed in islets. We will collect and analyze the genetic architecture of gene expression in liver, adipose, skeletal muscle. Tissues will be sent to JAX Bar Harbor from Alan Attie’s lab. These tissues were from the same mice used for transcriptome analysis of islets (Genetics May 1, 2018 vol. 209 no. 1 335-356)",Vivarium Control
27,GSM5388348,GSE178356,"Decreased skeletal muscle strength and mitochondrial dysfunction are characteristic of diabetes. Action of insulin through insulin receptor (IR) and IGF-1 receptor (IGF1R) maintain muscle mass via suppression of FoxOs, but whether FoxO activation coordinates atrophy in concert with mitochondrial dysfunction is unknown. In the absence of systemic glucose or lipid abnormalities, muscle-specific IR knockout (MIRKO) or combined IR/IGF1R knockout (MIGIRKO) impaired mitochondrial respiration, decreased ATP production, and increased ROS. These mitochondrial abnormalities were not present in muscle-specific IR/IGF1R and FoxO1/3/4 quintuple knockout mice (QKO). Although autophagy was increased when IR/IGF1R were deleted in muscle, mitophagy was not increased. Mechanistically, RNA-seq revealed that complex-I core subunits were decreased in MIGIRKO muscle, and these were reversed with FoxO knockout. Thus, insulin-deficient diabetes or loss of insulin/IGF-1 action in muscle decreases complex-I driven mitochondrial respiration and supercomplex assembly, in part by FoxO-mediated repression of Complex-I subunit expression.",Vivarium Control
28,GSM8250102,GSE266549,"Perform RNAseq with existing frozen mouse DO tissues from ~500 DO mice were sensitized on a HFHS diet (Keller, Gatti et al. 2018). The same mice have been extensively characterized for T2D-relevant clinical phenotypes, ex-vivo islet function, and other features including microbiome profiling.  Gene expression and proteomic profiling has already been completed in islets. We will collect and analyze the genetic architecture of gene expression in liver, adipose, skeletal muscle. Tissues will be sent to JAX Bar Harbor from Alan Attie’s lab. These tissues were from the same mice used for transcriptome analysis of islets (Genetics May 1, 2018 vol. 209 no. 1 335-356)",Vivarium Control
29,GSM8251016,GSE266567,"Perform RNAseq with existing frozen mouse DO tissues from ~500 DO mice were sensitized on a HFHS diet (Keller, Gatti et al. 2018). The same mice have been extensively characterized for T2D-relevant clinical phenotypes, ex-vivo islet function, and other features including microbiome profiling.  Gene expression and proteomic profiling has already been completed in islets. We will collect and analyze the genetic architecture of gene expression in liver, adipose, skeletal muscle. Tissues will be sent to JAX Bar Harbor from Alan Attie’s lab. These tissues were from the same mice used for transcriptome analysis of islets (Genetics May 1, 2018 vol. 209 no. 1 335-356)",Vivarium Control
