score,geo_accession,global_index,shard_file,row_in_shard
0.99320877,GSM4200072,315253,batch_00015.parquet,15253
0.99276197,GSM7014081,733159,batch_00036.parquet,13159
0.9911419,GSM8196053,854721,batch_00042.parquet,14721
0.9911041,GSM8196070,854738,batch_00042.parquet,14738
0.99090886,GSM2816898,134678,batch_00006.parquet,14678
0.9903611,GSM3464183,214561,batch_00010.parquet,14561
0.9901569,GSM2816837,134619,batch_00006.parquet,14619
0.9900761,GSM2816836,134618,batch_00006.parquet,14618
0.989979,GSM2816835,134617,batch_00006.parquet,14617
0.9899435,GSM8196067,854735,batch_00042.parquet,14735
0.98985064,GSM5284604,496185,batch_00024.parquet,16185
0.9897182,GSM2816897,134677,batch_00006.parquet,14677
0.989714,GSM8196052,854720,batch_00042.parquet,14720
0.9896265,GSM7013990,733155,batch_00036.parquet,13155
0.989395,GSM8196063,854731,batch_00042.parquet,14731
0.9891784,GSM4219484,317977,batch_00015.parquet,17977
0.98916906,GSM3386299,197467,batch_00009.parquet,17467
0.9890332,GSM8196062,854730,batch_00042.parquet,14730
0.9890328,GSM8196057,854725,batch_00042.parquet,14725
0.98902106,GSM5284580,496161,batch_00024.parquet,16161
0.9890096,GSM8196066,854734,batch_00042.parquet,14734
0.9889809,GSM8196060,854728,batch_00042.parquet,14728
0.9889569,GSM2465750,95188,batch_00004.parquet,15188
0.98891175,GSM8196059,854727,batch_00042.parquet,14727
0.9888418,GSM3394055,198618,batch_00009.parquet,18618
0.9887987,GSM2465746,95184,batch_00004.parquet,15184
0.9887652,GSM5117982,472976,batch_00023.parquet,12976
0.98874366,GSM2465749,95187,batch_00004.parquet,15187
0.98865986,GSM7013994,733156,batch_00036.parquet,13156
0.98865926,GSM8196056,854724,batch_00042.parquet,14724
0.9886534,GSM3505614,216946,batch_00010.parquet,16946
0.9886383,GSM4219483,317976,batch_00015.parquet,17976
0.98863566,GSM7014827,733167,batch_00036.parquet,13167
0.98863137,GSM3608106,234954,batch_00011.parquet,14954
0.98860943,GSM1974944,53430,batch_00002.parquet,13430
0.9885398,GSM8196061,854729,batch_00042.parquet,14729
0.9884839,GSM7014799,733164,batch_00036.parquet,13164
0.9883543,GSM8196069,854737,batch_00042.parquet,14737
0.9883472,GSM5526801,534138,batch_00026.parquet,14138
0.9882858,GSM7014806,733165,batch_00036.parquet,13165
0.98824567,GSM2912572,150641,batch_00007.parquet,10641
0.98814934,GSM3048873,158360,batch_00007.parquet,18360
0.9881229,GSM5284605,496186,batch_00024.parquet,16186
0.98798347,GSM4405344,352353,batch_00017.parquet,12353
0.9879416,GSM5284581,496162,batch_00024.parquet,16162
0.98788834,GSM2465748,95186,batch_00004.parquet,15186
0.98787796,GSM3048874,158361,batch_00007.parquet,18361
0.98787564,GSM2883195,138945,batch_00006.parquet,18945
0.9878217,GSM2883194,138944,batch_00006.parquet,18944
0.98781955,GSM2465747,95185,batch_00004.parquet,15185
0.9878137,GSM4109021,296792,batch_00014.parquet,16792
0.98778254,GSM3758281,255784,batch_00012.parquet,15784
0.98765284,GSM3394058,198621,batch_00009.parquet,18621
0.98763794,GSM5117979,472973,batch_00023.parquet,12973
0.98760533,GSM5284603,496184,batch_00024.parquet,16184
0.98759836,GSM5767808,590738,batch_00029.parquet,10738
0.98756313,GSM3394060,198623,batch_00009.parquet,18623
0.98756206,GSM6808694,715584,batch_00035.parquet,15584
0.98747826,GSM6337040,657405,batch_00032.parquet,17405
0.98745,GSM4293854,334551,batch_00016.parquet,14551
0.9874332,GSM3394057,198620,batch_00009.parquet,18620
0.98742044,GSM3394061,198624,batch_00009.parquet,18624
0.9873939,GSM3758288,255791,batch_00012.parquet,15791
0.98739386,GSM3758287,255790,batch_00012.parquet,15790
0.98735183,GSM2816834,134616,batch_00006.parquet,14616
0.98734,GSM3985858,277868,batch_00013.parquet,17868
0.98733735,GSM2816832,134614,batch_00006.parquet,14614
0.98729086,GSM8057849,839763,batch_00041.parquet,19763
0.98727655,GSM5284579,496160,batch_00024.parquet,16160
0.9872341,GSM8196055,854723,batch_00042.parquet,14723
0.98722714,GSM3386314,197482,batch_00009.parquet,17482
0.9871775,GSM3048876,158363,batch_00007.parquet,18363
0.987177,GSM3386312,197480,batch_00009.parquet,17480
0.98712075,GSM2816833,134615,batch_00006.parquet,14615
0.9871092,GSM3048875,158362,batch_00007.parquet,18362
0.9871074,GSM3162629,175425,batch_00008.parquet,15425
0.98708934,GSM3464181,214559,batch_00010.parquet,14559
0.987017,GSM1829640,36902,batch_00001.parquet,16902
0.98701525,GSM4405341,352350,batch_00017.parquet,12350
0.98701453,GSM8164503,853796,batch_00042.parquet,13796
0.98699963,GSM4396020,351772,batch_00017.parquet,11772
0.9869967,GSM5284611,496192,batch_00024.parquet,16192
0.98694533,GSM5765746,590690,batch_00029.parquet,10690
0.98694456,GSM4995347,453062,batch_00022.parquet,13062
0.9869167,GSM3505611,216943,batch_00010.parquet,16943
0.98688513,GSM8036722,839118,batch_00041.parquet,19118
0.986882,GSM3505612,216944,batch_00010.parquet,16944
0.9868345,GSM3758286,255789,batch_00012.parquet,15789
0.9867613,GSM7697808,812241,batch_00040.parquet,12241
0.9867524,GSM8164502,853795,batch_00042.parquet,13795
0.9867287,GSM6160775,638326,batch_00031.parquet,18326
0.98669815,GSM3394063,198626,batch_00009.parquet,18626
0.98669344,GSM2134554,70193,batch_00003.parquet,10193
0.98669124,GSM2816848,134630,batch_00006.parquet,14630
0.98665977,GSM4293852,334549,batch_00016.parquet,14549
0.9866115,GSM2656452,114859,batch_00005.parquet,14859
0.98660076,GSM4849255,431611,batch_00021.parquet,11611
0.98658997,GSM3464172,214552,batch_00010.parquet,14552
0.98657084,GSM8057848,839762,batch_00041.parquet,19762
0.9865441,GSM4051550,291332,batch_00014.parquet,11332
