,gsm,score,gse,title,source_name,characteristics,geo_summary,geo_design,pubmed_ids,tissue,species,archs4_index,geo_platform_biopython,geo_taxon_biopython,geo_entry_type_biopython,geo_gds_type_biopython,geo_pdat_biopython,geo_n_samples_biopython,geo_ftp_link_biopython,pubmed_title_biopython,pubmed_journal_biopython,pubmed_pub_date_biopython,pubmed_doi_biopython,sample_name,spaceflight
0,GSM7437564,0.9994778633117676,GSE233829,TNRC18 recognizes H3K9me3 to mediate transposable elements silencing at ERV regions [T18-tissue RNA-Seq],,,"Trimethylation of histone H3 lysine 9 (H3K9me3) is critical for regulation of gene repression and heterochromatin formation, cell-fate determination, and organismal development. In particular, H3K9me3 provides an essential mechanism for silencing various transposon elements (TEs). However, previous studies showed that the canonical H3K9me3 readers (e.g. HP1 and MPP8) play rather limited roles in silencing endogenous retroviruses (ERVs), one of major TE classes in the mammalian genome. Here, we report that Trinucleotide Repeat Containing 18 (TNRC18), a previously under-studied chromatin regulator, recognizes H3K9me3 and directly binds ERVs, mediating ERV silencing. Our biochemical, biophysical and structural studies identified the C-terminal Bromo Adjacent Homology (BAH) domain of TNRC18 (TNRC18BAH) as a H3K9me3-specific reader, and its N-terminal segment as a platform for direct recruitment of co-repressors such as TRIM28 and HDAC-Sin3-NCoR complexes, thereby enforcing optimal repression of the H3K9me3-demarcated ERVs. Point mutagenesis that disrupts the TNRC18BAH-mediated H3K9me3 engagement caused neonatal lethality in mice and, in multiple mammalian cell models, led to de-repressed expression of ERVs, affecting the landscape of cis-regulatory elements and thus gene-expression programs. Collectively, this study describes a previously-unknown TNRC18BAH-directed H3K9me3-sensing pathway, which operates to epigenetically silence the evolutionarily young ERVs, thereby exerting profound impacts on host genome integrity, transcriptomic regulation, immunity, and development.","To assess the function of the TNRC18-BAH domain in different organs, we isolated the primary tissues, namely, the lung, liver, heart, stomach and brain, from adult WT mice (n =2) and the paired littermates carrying Tnrc18-BAH homozygous mutation (W2745A/Y2747A; n=3), followed by preparation of total RNA samples and RNA-sequencing (n=2 duplicates per sample).  The processing of transcriptomic profiles used two different methods for analysis of either regular genes or transposable elements (TEs).",37938770,,,791805,GPL24247,Mus musculus,GSE,Expression profiling by high throughput sequencing,2023/07/24,50,ftp://ftp.ncbi.nlm.nih.gov/geo/series/GSE233nnn/GSE233829/,TNRC18 engages H3K9me3 to mediate silencing of endogenous retrotransposons.,Nature,2023 Nov,10.1038/s41586-023-06688-z,OSD-270|RR3_HRT_FLT_F1,Space Flight
1,GSM4592109,0.9994326233863831,GSE151834,Type V collagen in scar tissue regulates the size of scar after heart injury,,,"The mammalian heart possesses a poor ability to regenerate after acute ischemic cardiac injury and lost cardiac muscle is replaced by scar tissue. Multiple clinical studies demonstrate that the size of scar tissue following myocardial infarction is an independent predictor of cardiovascular outcomes, yet little is known about factors that regulate the size of scar after ischemic cardiac injury. In this report, we demonstrate that collagen V, a fibrillar collagen and a minor constituent of heart scars regulates the size of heart scars after ischemic cardiac injury. Depletion of collagen V in heart scars in two independent animal models led to a significant and paradoxical increase in post infarction scar tissue size with worsening of heart function. A systems genetics approach analyzing genes versus traits across 100 in-bred strains of mice independently demonstrated that collagen V is a critical driver of post injury heart function. We show that collagen V deficiency alters the ultra-structure and mechanical properties of scar tissue that make it more vulnerable to expansion. There is altered reciprocal feedback between matrix and cells that induce expression of specific mechanosensitive integrins which drive fibroblast activation and increased ECM gene expression. Scar size increases. Administration of cilengitide, an inhibitor of specific integrins, completely rescues the phenotype of increased post injury scarring, myofibroblast formation and cardiac dysfunction in collagen V deficient mice. These observations demonstrate that collagen V, a structural constituent of heart scar tissue regulates scar size in an integrin dependent manner.","We subjected adult C57BL/6 mice to ischemic cardiac injury by permanent ligation of the left anterior descending coronary artery that supplies bulk of the blood flow to the left ventricular myocardium. Hearts were harvested at 3,7,14, 21 and 42 days after ischemic injury and the fibrotic scar tissue in the injured region and region remote to the area of injury (uninjured region) were dissected from the same heart for RNA sequencing (RNA-seq) to quantify temporal changes in gene expression.",32621799,,,377534,GPL21103,Mus musculus,GSE,Expression profiling by high throughput sequencing,2020/06/05,40,ftp://ftp.ncbi.nlm.nih.gov/geo/series/GSE151nnn/GSE151834/,Type V Collagen in Scar Tissue Regulates the Size of Scar after Heart Injury.,Cell,2020 Aug 6,10.1016/j.cell.2020.06.030,OSD-270|RR3_HRT_FLT_F1,Space Flight
2,GSM7437563,0.999417245388031,GSE233829,TNRC18 recognizes H3K9me3 to mediate transposable elements silencing at ERV regions [T18-tissue RNA-Seq],,,"Trimethylation of histone H3 lysine 9 (H3K9me3) is critical for regulation of gene repression and heterochromatin formation, cell-fate determination, and organismal development. In particular, H3K9me3 provides an essential mechanism for silencing various transposon elements (TEs). However, previous studies showed that the canonical H3K9me3 readers (e.g. HP1 and MPP8) play rather limited roles in silencing endogenous retroviruses (ERVs), one of major TE classes in the mammalian genome. Here, we report that Trinucleotide Repeat Containing 18 (TNRC18), a previously under-studied chromatin regulator, recognizes H3K9me3 and directly binds ERVs, mediating ERV silencing. Our biochemical, biophysical and structural studies identified the C-terminal Bromo Adjacent Homology (BAH) domain of TNRC18 (TNRC18BAH) as a H3K9me3-specific reader, and its N-terminal segment as a platform for direct recruitment of co-repressors such as TRIM28 and HDAC-Sin3-NCoR complexes, thereby enforcing optimal repression of the H3K9me3-demarcated ERVs. Point mutagenesis that disrupts the TNRC18BAH-mediated H3K9me3 engagement caused neonatal lethality in mice and, in multiple mammalian cell models, led to de-repressed expression of ERVs, affecting the landscape of cis-regulatory elements and thus gene-expression programs. Collectively, this study describes a previously-unknown TNRC18BAH-directed H3K9me3-sensing pathway, which operates to epigenetically silence the evolutionarily young ERVs, thereby exerting profound impacts on host genome integrity, transcriptomic regulation, immunity, and development.","To assess the function of the TNRC18-BAH domain in different organs, we isolated the primary tissues, namely, the lung, liver, heart, stomach and brain, from adult WT mice (n =2) and the paired littermates carrying Tnrc18-BAH homozygous mutation (W2745A/Y2747A; n=3), followed by preparation of total RNA samples and RNA-sequencing (n=2 duplicates per sample).  The processing of transcriptomic profiles used two different methods for analysis of either regular genes or transposable elements (TEs).",37938770,,,791804,GPL24247,Mus musculus,GSE,Expression profiling by high throughput sequencing,2023/07/24,50,ftp://ftp.ncbi.nlm.nih.gov/geo/series/GSE233nnn/GSE233829/,TNRC18 engages H3K9me3 to mediate silencing of endogenous retrotransposons.,Nature,2023 Nov,10.1038/s41586-023-06688-z,OSD-270|RR3_HRT_FLT_F1,Space Flight
3,GSM7890243,0.9994012117385864,GSE247457,Effect of HDAC1/2 Inhibitor compound 60 (Cmpd60) on multiple organ systems in aged Mice,,,"In the current work, we performed multiple in silico drug screens using transcriptional profiles of 2837 small molecules testing their ability to mimic known genetic longevity interventions. We identified one compound that was most commonly found to mimic the transcriptional profile of the genetic longevity interventions. This benzamide-based small molecule, termed compound 60 (Cmpd60; aka Merck60 or BRD 692), is a selective histone deacetylase 1 and 2 (HDAC1/2) inhibitor.  Here, we used a combination of molecular, phenotypic, and bioinformatic analyses in multiple disease cell models and mouse models for age-related disease to establish if Cmpd60 acts as a geroprotector.","Aged mice: Natural aged, approx. 20 months old, male BL6 mice were acquired from Taconic and single housed under a 12:12-hour light-dark cycle in a room set to 23°C (+/- 0.2°C). All animals were fed a regular chow diet. Mice received daily i.p. injections with either Cmpd60 (n=6) or vehicle (n=7) for 14 days total. Body weight was monitored every 5 days to adjust i.p. volumes to body weight. Cmpd60 treated animals received a dose of 22.5 mg/kg with an i.p. volume of 7.5 ml/kg. Cmpd60 was dissolved in 2% DMSO, 49% PEG400, and 49% saline solution (= vehicle) resulting in a 3 mg/ml concentration. APPSWE-1349 mice: The APPSWE-1349 mice62 (BL6 background) were acquired from Taconic. The transgenic mice possess a transgene coding for the 695-amino acid isoform of human Alzheimer β-amyloid (Aβ) precursor protein carrying the Swedish mutation. Animals (~6-7 months old) were single housed under a 12:12-hour light-dark cycle in a room set to 23°C (+/- 0.2°C). All animals were fed a regular chow diet. Mice received daily i.p. injections with either Cmpd60 (n=12) or vehicle (n=12) for 14 days total. Body weight was monitored every 5 days to adjust i.p. volumes to body weight. Cmpd60 treated animals received a dose of 22.5 mg/kg with an i.p. volume of 7.5 ml/kg. Cmpd60 was dissolved in 2% DMSO, 49% PEG400, and 49% saline solution (= vehicle) resulting in a 3 mg/ml concentration.",38269100,,,832985,GPL21103,Mus musculus,GSE,Expression profiling by high throughput sequencing,2023/11/13,54,ftp://ftp.ncbi.nlm.nih.gov/geo/series/GSE247nnn/GSE247457/,HDAC1/2 inhibitor therapy improves multiple organ systems in aged mice.,iScience,2024 Jan 19,10.1016/j.isci.2023.108681,OSD-270|RR3_HRT_FLT_F1,Space Flight
4,GSM5982048,0.9993988275527954,GSE199702,"Transcriptomics analysis of heart, kidney, and liver tissues from 58 Collaborative Cross strains",,,"We report transcriptomic profiling from bulk heart, kidney, and liver tissues for 58 strains of the inbred mouse Collaborative Cross (CC). Each strain is represented by a male/female pair. Reads were first aligned to the pooled transcriptomes of the eight founder strains of the CC and then total gene counts were quantified using the EMASE and GBRS software tools. Total read counts can be further normalized for use in differential gene expression analysis, expression quantitative trait locus (eQTL) analysis, and integrative analyses with other -omic data sets measured on the same samples, including proteomics and phosphoproteomics.","RNA profiling of heart, kidney, and liver bulk tissues of male/female pairs from 58 Collaborative Cross (CC) mouse strains",,,,617663,GPL24247,Mus musculus,GSE,Expression profiling by high throughput sequencing,2023/02/05,348,ftp://ftp.ncbi.nlm.nih.gov/geo/series/GSE199nnn/GSE199702/,,,,,OSD-270|RR3_HRT_FLT_F1,Space Flight
5,GSM5159878,0.999397873878479,GSE168717,tableNONMMUT140591.1 may serve as a ceRNA to regulate Gata5 in UT-B knockout-induced cardiac conduction block,,,"Objective: We intended to explore the potential molecular mechanisms underlying cardiac conduction block inducted by UT-B deletion at the transcriptome level. Methods: The heart tissues were harvested from UT-B null mice and age-matched wild-type mice for lncRNA sequencing analysis. Based on the sequencing data, the differentially expressed mRNAs (DEMs) and lncRNAs (DELs) between UT-B knockout and control groups were identified, followed by function analysis and mRNA-lncRNA co-expression analysis. The miRNAs were predicted, and then the competing endogenous RNA (ceRNA) network was constructed. Results: UT-B deletion results in the aberrant expression of 588 lncRNAs and 194 mRNAs. These DEMs were significantly enriched in inflammation-related pathway. A lncRNA-mRNA co-expression network and a ceRNA network was constructed on the basis of the DEMs and DELs. C7 (complement C7)-NONMMUT137216.1 co-expression pair had the highest correlation coefficient in the co-expression network. NONMMUT140591.1 had the highest degree in ceRNA network and involved in ceRNA of NONMMUT140591.1-mmu-miR-298-5p-Gata5 (GATA binding protein 5). Conclusion: UT-B deletion may promote cardiac conduction block via inflammatory process. The ceRNA NONMMUT140591.1-mmu-miR-298-5p-Gata5 may be a potential molecular mechanism of UT-B knockout-induced cardiac conduction block.",Retinal mRNA profiles of 16 weeks old UT-B+/+ and UT-B-/- mice,,,,475248,GPL24247,Mus musculus,GSE,Expression profiling by high throughput sequencing; Non-coding RNA profiling by high throughput sequencing,2021/03/12,6,ftp://ftp.ncbi.nlm.nih.gov/geo/series/GSE168nnn/GSE168717/,,,,,OSD-270|RR3_HRT_FLT_F1,Space Flight
6,GSM2577078,0.9993844032287598,GSE97763,A context-specific cardiac Beta-catenin and GATA4 interaction influences TCF7L2 occupancy and remodels chromatin driving disease progression in the adult heart,,,This SuperSeries is composed of the SubSeries listed below.,Refer to individual Series,29394407;36681760,,,110233,GPL17021; GPL13112,Mus musculus,GSE,Genome binding/occupancy profiling by high throughput sequencing; Expression profiling by high throughput sequencing,2018/01/23,19,ftp://ftp.ncbi.nlm.nih.gov/geo/series/GSE97nnn/GSE97763/,A context-specific cardiac β-catenin and GATA4 interaction influences TCF7L2 occupancy and remodels chromatin driving disease progression in the adult heart.,Nucleic acids research,2018 Apr 6,10.1093/nar/gky049,OSD-270|RR3_HRT_FLT_F1,Space Flight
7,GSM3431079,0.9993844032287598,GSE121300,Distinct TCF7L2 genomic occupancies discern chromatin states in the neonatal and diseased mammalian myocardium,,,This SuperSeries is composed of the SubSeries listed below.,Refer to individual Series,,,,211863,GPL21103; GPL13112,Mus musculus,GSE,Expression profiling by high throughput sequencing; Genome binding/occupancy profiling by high throughput sequencing,2021/08/02,13,ftp://ftp.ncbi.nlm.nih.gov/geo/series/GSE121nnn/GSE121300/,,,,,OSD-270|RR3_HRT_FLT_F1,Space Flight
8,GSM5982057,0.9993627071380615,GSE199702,"Transcriptomics analysis of heart, kidney, and liver tissues from 58 Collaborative Cross strains",,,"We report transcriptomic profiling from bulk heart, kidney, and liver tissues for 58 strains of the inbred mouse Collaborative Cross (CC). Each strain is represented by a male/female pair. Reads were first aligned to the pooled transcriptomes of the eight founder strains of the CC and then total gene counts were quantified using the EMASE and GBRS software tools. Total read counts can be further normalized for use in differential gene expression analysis, expression quantitative trait locus (eQTL) analysis, and integrative analyses with other -omic data sets measured on the same samples, including proteomics and phosphoproteomics.","RNA profiling of heart, kidney, and liver bulk tissues of male/female pairs from 58 Collaborative Cross (CC) mouse strains",,,,617672,GPL24247,Mus musculus,GSE,Expression profiling by high throughput sequencing,2023/02/05,348,ftp://ftp.ncbi.nlm.nih.gov/geo/series/GSE199nnn/GSE199702/,,,,,OSD-270|RR3_HRT_FLT_F1,Space Flight
9,GSM5159879,0.9993605017662048,GSE168717,tableNONMMUT140591.1 may serve as a ceRNA to regulate Gata5 in UT-B knockout-induced cardiac conduction block,,,"Objective: We intended to explore the potential molecular mechanisms underlying cardiac conduction block inducted by UT-B deletion at the transcriptome level. Methods: The heart tissues were harvested from UT-B null mice and age-matched wild-type mice for lncRNA sequencing analysis. Based on the sequencing data, the differentially expressed mRNAs (DEMs) and lncRNAs (DELs) between UT-B knockout and control groups were identified, followed by function analysis and mRNA-lncRNA co-expression analysis. The miRNAs were predicted, and then the competing endogenous RNA (ceRNA) network was constructed. Results: UT-B deletion results in the aberrant expression of 588 lncRNAs and 194 mRNAs. These DEMs were significantly enriched in inflammation-related pathway. A lncRNA-mRNA co-expression network and a ceRNA network was constructed on the basis of the DEMs and DELs. C7 (complement C7)-NONMMUT137216.1 co-expression pair had the highest correlation coefficient in the co-expression network. NONMMUT140591.1 had the highest degree in ceRNA network and involved in ceRNA of NONMMUT140591.1-mmu-miR-298-5p-Gata5 (GATA binding protein 5). Conclusion: UT-B deletion may promote cardiac conduction block via inflammatory process. The ceRNA NONMMUT140591.1-mmu-miR-298-5p-Gata5 may be a potential molecular mechanism of UT-B knockout-induced cardiac conduction block.",Retinal mRNA profiles of 16 weeks old UT-B+/+ and UT-B-/- mice,,,,475249,GPL24247,Mus musculus,GSE,Expression profiling by high throughput sequencing; Non-coding RNA profiling by high throughput sequencing,2021/03/12,6,ftp://ftp.ncbi.nlm.nih.gov/geo/series/GSE168nnn/GSE168717/,,,,,OSD-270|RR3_HRT_FLT_F1,Space Flight
10,GSM7890249,0.9994874000549316,GSE247457,Effect of HDAC1/2 Inhibitor compound 60 (Cmpd60) on multiple organ systems in aged Mice,,,"In the current work, we performed multiple in silico drug screens using transcriptional profiles of 2837 small molecules testing their ability to mimic known genetic longevity interventions. We identified one compound that was most commonly found to mimic the transcriptional profile of the genetic longevity interventions. This benzamide-based small molecule, termed compound 60 (Cmpd60; aka Merck60 or BRD 692), is a selective histone deacetylase 1 and 2 (HDAC1/2) inhibitor.  Here, we used a combination of molecular, phenotypic, and bioinformatic analyses in multiple disease cell models and mouse models for age-related disease to establish if Cmpd60 acts as a geroprotector.","Aged mice: Natural aged, approx. 20 months old, male BL6 mice were acquired from Taconic and single housed under a 12:12-hour light-dark cycle in a room set to 23°C (+/- 0.2°C). All animals were fed a regular chow diet. Mice received daily i.p. injections with either Cmpd60 (n=6) or vehicle (n=7) for 14 days total. Body weight was monitored every 5 days to adjust i.p. volumes to body weight. Cmpd60 treated animals received a dose of 22.5 mg/kg with an i.p. volume of 7.5 ml/kg. Cmpd60 was dissolved in 2% DMSO, 49% PEG400, and 49% saline solution (= vehicle) resulting in a 3 mg/ml concentration. APPSWE-1349 mice: The APPSWE-1349 mice62 (BL6 background) were acquired from Taconic. The transgenic mice possess a transgene coding for the 695-amino acid isoform of human Alzheimer β-amyloid (Aβ) precursor protein carrying the Swedish mutation. Animals (~6-7 months old) were single housed under a 12:12-hour light-dark cycle in a room set to 23°C (+/- 0.2°C). All animals were fed a regular chow diet. Mice received daily i.p. injections with either Cmpd60 (n=12) or vehicle (n=12) for 14 days total. Body weight was monitored every 5 days to adjust i.p. volumes to body weight. Cmpd60 treated animals received a dose of 22.5 mg/kg with an i.p. volume of 7.5 ml/kg. Cmpd60 was dissolved in 2% DMSO, 49% PEG400, and 49% saline solution (= vehicle) resulting in a 3 mg/ml concentration.",38269100,,,832991,GPL21103,Mus musculus,GSE,Expression profiling by high throughput sequencing,2023/11/13,54,ftp://ftp.ncbi.nlm.nih.gov/geo/series/GSE247nnn/GSE247457/,HDAC1/2 inhibitor therapy improves multiple organ systems in aged mice.,iScience,2024 Jan 19,10.1016/j.isci.2023.108681,OSD-270|RR3_HRT_FLT_F2,Space Flight
11,GSM7890243,0.9994665384292603,GSE247457,Effect of HDAC1/2 Inhibitor compound 60 (Cmpd60) on multiple organ systems in aged Mice,,,"In the current work, we performed multiple in silico drug screens using transcriptional profiles of 2837 small molecules testing their ability to mimic known genetic longevity interventions. We identified one compound that was most commonly found to mimic the transcriptional profile of the genetic longevity interventions. This benzamide-based small molecule, termed compound 60 (Cmpd60; aka Merck60 or BRD 692), is a selective histone deacetylase 1 and 2 (HDAC1/2) inhibitor.  Here, we used a combination of molecular, phenotypic, and bioinformatic analyses in multiple disease cell models and mouse models for age-related disease to establish if Cmpd60 acts as a geroprotector.","Aged mice: Natural aged, approx. 20 months old, male BL6 mice were acquired from Taconic and single housed under a 12:12-hour light-dark cycle in a room set to 23°C (+/- 0.2°C). All animals were fed a regular chow diet. Mice received daily i.p. injections with either Cmpd60 (n=6) or vehicle (n=7) for 14 days total. Body weight was monitored every 5 days to adjust i.p. volumes to body weight. Cmpd60 treated animals received a dose of 22.5 mg/kg with an i.p. volume of 7.5 ml/kg. Cmpd60 was dissolved in 2% DMSO, 49% PEG400, and 49% saline solution (= vehicle) resulting in a 3 mg/ml concentration. APPSWE-1349 mice: The APPSWE-1349 mice62 (BL6 background) were acquired from Taconic. The transgenic mice possess a transgene coding for the 695-amino acid isoform of human Alzheimer β-amyloid (Aβ) precursor protein carrying the Swedish mutation. Animals (~6-7 months old) were single housed under a 12:12-hour light-dark cycle in a room set to 23°C (+/- 0.2°C). All animals were fed a regular chow diet. Mice received daily i.p. injections with either Cmpd60 (n=12) or vehicle (n=12) for 14 days total. Body weight was monitored every 5 days to adjust i.p. volumes to body weight. Cmpd60 treated animals received a dose of 22.5 mg/kg with an i.p. volume of 7.5 ml/kg. Cmpd60 was dissolved in 2% DMSO, 49% PEG400, and 49% saline solution (= vehicle) resulting in a 3 mg/ml concentration.",38269100,,,832985,GPL21103,Mus musculus,GSE,Expression profiling by high throughput sequencing,2023/11/13,54,ftp://ftp.ncbi.nlm.nih.gov/geo/series/GSE247nnn/GSE247457/,HDAC1/2 inhibitor therapy improves multiple organ systems in aged mice.,iScience,2024 Jan 19,10.1016/j.isci.2023.108681,OSD-270|RR3_HRT_FLT_F2,Space Flight
12,GSM7890241,0.9993883967399597,GSE247457,Effect of HDAC1/2 Inhibitor compound 60 (Cmpd60) on multiple organ systems in aged Mice,,,"In the current work, we performed multiple in silico drug screens using transcriptional profiles of 2837 small molecules testing their ability to mimic known genetic longevity interventions. We identified one compound that was most commonly found to mimic the transcriptional profile of the genetic longevity interventions. This benzamide-based small molecule, termed compound 60 (Cmpd60; aka Merck60 or BRD 692), is a selective histone deacetylase 1 and 2 (HDAC1/2) inhibitor.  Here, we used a combination of molecular, phenotypic, and bioinformatic analyses in multiple disease cell models and mouse models for age-related disease to establish if Cmpd60 acts as a geroprotector.","Aged mice: Natural aged, approx. 20 months old, male BL6 mice were acquired from Taconic and single housed under a 12:12-hour light-dark cycle in a room set to 23°C (+/- 0.2°C). All animals were fed a regular chow diet. Mice received daily i.p. injections with either Cmpd60 (n=6) or vehicle (n=7) for 14 days total. Body weight was monitored every 5 days to adjust i.p. volumes to body weight. Cmpd60 treated animals received a dose of 22.5 mg/kg with an i.p. volume of 7.5 ml/kg. Cmpd60 was dissolved in 2% DMSO, 49% PEG400, and 49% saline solution (= vehicle) resulting in a 3 mg/ml concentration. APPSWE-1349 mice: The APPSWE-1349 mice62 (BL6 background) were acquired from Taconic. The transgenic mice possess a transgene coding for the 695-amino acid isoform of human Alzheimer β-amyloid (Aβ) precursor protein carrying the Swedish mutation. Animals (~6-7 months old) were single housed under a 12:12-hour light-dark cycle in a room set to 23°C (+/- 0.2°C). All animals were fed a regular chow diet. Mice received daily i.p. injections with either Cmpd60 (n=12) or vehicle (n=12) for 14 days total. Body weight was monitored every 5 days to adjust i.p. volumes to body weight. Cmpd60 treated animals received a dose of 22.5 mg/kg with an i.p. volume of 7.5 ml/kg. Cmpd60 was dissolved in 2% DMSO, 49% PEG400, and 49% saline solution (= vehicle) resulting in a 3 mg/ml concentration.",38269100,,,832983,GPL21103,Mus musculus,GSE,Expression profiling by high throughput sequencing,2023/11/13,54,ftp://ftp.ncbi.nlm.nih.gov/geo/series/GSE247nnn/GSE247457/,HDAC1/2 inhibitor therapy improves multiple organ systems in aged mice.,iScience,2024 Jan 19,10.1016/j.isci.2023.108681,OSD-270|RR3_HRT_FLT_F2,Space Flight
13,GSM2577078,0.9993553757667542,GSE97763,A context-specific cardiac Beta-catenin and GATA4 interaction influences TCF7L2 occupancy and remodels chromatin driving disease progression in the adult heart,,,This SuperSeries is composed of the SubSeries listed below.,Refer to individual Series,29394407;36681760,,,110233,GPL17021; GPL13112,Mus musculus,GSE,Genome binding/occupancy profiling by high throughput sequencing; Expression profiling by high throughput sequencing,2018/01/23,19,ftp://ftp.ncbi.nlm.nih.gov/geo/series/GSE97nnn/GSE97763/,A context-specific cardiac β-catenin and GATA4 interaction influences TCF7L2 occupancy and remodels chromatin driving disease progression in the adult heart.,Nucleic acids research,2018 Apr 6,10.1093/nar/gky049,OSD-270|RR3_HRT_FLT_F2,Space Flight
14,GSM3431079,0.9993553757667542,GSE121300,Distinct TCF7L2 genomic occupancies discern chromatin states in the neonatal and diseased mammalian myocardium,,,This SuperSeries is composed of the SubSeries listed below.,Refer to individual Series,,,,211863,GPL21103; GPL13112,Mus musculus,GSE,Expression profiling by high throughput sequencing; Genome binding/occupancy profiling by high throughput sequencing,2021/08/02,13,ftp://ftp.ncbi.nlm.nih.gov/geo/series/GSE121nnn/GSE121300/,,,,,OSD-270|RR3_HRT_FLT_F2,Space Flight
15,GSM5982048,0.9993201494216919,GSE199702,"Transcriptomics analysis of heart, kidney, and liver tissues from 58 Collaborative Cross strains",,,"We report transcriptomic profiling from bulk heart, kidney, and liver tissues for 58 strains of the inbred mouse Collaborative Cross (CC). Each strain is represented by a male/female pair. Reads were first aligned to the pooled transcriptomes of the eight founder strains of the CC and then total gene counts were quantified using the EMASE and GBRS software tools. Total read counts can be further normalized for use in differential gene expression analysis, expression quantitative trait locus (eQTL) analysis, and integrative analyses with other -omic data sets measured on the same samples, including proteomics and phosphoproteomics.","RNA profiling of heart, kidney, and liver bulk tissues of male/female pairs from 58 Collaborative Cross (CC) mouse strains",,,,617663,GPL24247,Mus musculus,GSE,Expression profiling by high throughput sequencing,2023/02/05,348,ftp://ftp.ncbi.nlm.nih.gov/geo/series/GSE199nnn/GSE199702/,,,,,OSD-270|RR3_HRT_FLT_F2,Space Flight
16,GSM5159878,0.9993098974227905,GSE168717,tableNONMMUT140591.1 may serve as a ceRNA to regulate Gata5 in UT-B knockout-induced cardiac conduction block,,,"Objective: We intended to explore the potential molecular mechanisms underlying cardiac conduction block inducted by UT-B deletion at the transcriptome level. Methods: The heart tissues were harvested from UT-B null mice and age-matched wild-type mice for lncRNA sequencing analysis. Based on the sequencing data, the differentially expressed mRNAs (DEMs) and lncRNAs (DELs) between UT-B knockout and control groups were identified, followed by function analysis and mRNA-lncRNA co-expression analysis. The miRNAs were predicted, and then the competing endogenous RNA (ceRNA) network was constructed. Results: UT-B deletion results in the aberrant expression of 588 lncRNAs and 194 mRNAs. These DEMs were significantly enriched in inflammation-related pathway. A lncRNA-mRNA co-expression network and a ceRNA network was constructed on the basis of the DEMs and DELs. C7 (complement C7)-NONMMUT137216.1 co-expression pair had the highest correlation coefficient in the co-expression network. NONMMUT140591.1 had the highest degree in ceRNA network and involved in ceRNA of NONMMUT140591.1-mmu-miR-298-5p-Gata5 (GATA binding protein 5). Conclusion: UT-B deletion may promote cardiac conduction block via inflammatory process. The ceRNA NONMMUT140591.1-mmu-miR-298-5p-Gata5 may be a potential molecular mechanism of UT-B knockout-induced cardiac conduction block.",Retinal mRNA profiles of 16 weeks old UT-B+/+ and UT-B-/- mice,,,,475248,GPL24247,Mus musculus,GSE,Expression profiling by high throughput sequencing; Non-coding RNA profiling by high throughput sequencing,2021/03/12,6,ftp://ftp.ncbi.nlm.nih.gov/geo/series/GSE168nnn/GSE168717/,,,,,OSD-270|RR3_HRT_FLT_F2,Space Flight
17,GSM5159879,0.9993095397949219,GSE168717,tableNONMMUT140591.1 may serve as a ceRNA to regulate Gata5 in UT-B knockout-induced cardiac conduction block,,,"Objective: We intended to explore the potential molecular mechanisms underlying cardiac conduction block inducted by UT-B deletion at the transcriptome level. Methods: The heart tissues were harvested from UT-B null mice and age-matched wild-type mice for lncRNA sequencing analysis. Based on the sequencing data, the differentially expressed mRNAs (DEMs) and lncRNAs (DELs) between UT-B knockout and control groups were identified, followed by function analysis and mRNA-lncRNA co-expression analysis. The miRNAs were predicted, and then the competing endogenous RNA (ceRNA) network was constructed. Results: UT-B deletion results in the aberrant expression of 588 lncRNAs and 194 mRNAs. These DEMs were significantly enriched in inflammation-related pathway. A lncRNA-mRNA co-expression network and a ceRNA network was constructed on the basis of the DEMs and DELs. C7 (complement C7)-NONMMUT137216.1 co-expression pair had the highest correlation coefficient in the co-expression network. NONMMUT140591.1 had the highest degree in ceRNA network and involved in ceRNA of NONMMUT140591.1-mmu-miR-298-5p-Gata5 (GATA binding protein 5). Conclusion: UT-B deletion may promote cardiac conduction block via inflammatory process. The ceRNA NONMMUT140591.1-mmu-miR-298-5p-Gata5 may be a potential molecular mechanism of UT-B knockout-induced cardiac conduction block.",Retinal mRNA profiles of 16 weeks old UT-B+/+ and UT-B-/- mice,,,,475249,GPL24247,Mus musculus,GSE,Expression profiling by high throughput sequencing; Non-coding RNA profiling by high throughput sequencing,2021/03/12,6,ftp://ftp.ncbi.nlm.nih.gov/geo/series/GSE168nnn/GSE168717/,,,,,OSD-270|RR3_HRT_FLT_F2,Space Flight
18,GSM5159876,0.9993079900741577,GSE168717,tableNONMMUT140591.1 may serve as a ceRNA to regulate Gata5 in UT-B knockout-induced cardiac conduction block,,,"Objective: We intended to explore the potential molecular mechanisms underlying cardiac conduction block inducted by UT-B deletion at the transcriptome level. Methods: The heart tissues were harvested from UT-B null mice and age-matched wild-type mice for lncRNA sequencing analysis. Based on the sequencing data, the differentially expressed mRNAs (DEMs) and lncRNAs (DELs) between UT-B knockout and control groups were identified, followed by function analysis and mRNA-lncRNA co-expression analysis. The miRNAs were predicted, and then the competing endogenous RNA (ceRNA) network was constructed. Results: UT-B deletion results in the aberrant expression of 588 lncRNAs and 194 mRNAs. These DEMs were significantly enriched in inflammation-related pathway. A lncRNA-mRNA co-expression network and a ceRNA network was constructed on the basis of the DEMs and DELs. C7 (complement C7)-NONMMUT137216.1 co-expression pair had the highest correlation coefficient in the co-expression network. NONMMUT140591.1 had the highest degree in ceRNA network and involved in ceRNA of NONMMUT140591.1-mmu-miR-298-5p-Gata5 (GATA binding protein 5). Conclusion: UT-B deletion may promote cardiac conduction block via inflammatory process. The ceRNA NONMMUT140591.1-mmu-miR-298-5p-Gata5 may be a potential molecular mechanism of UT-B knockout-induced cardiac conduction block.",Retinal mRNA profiles of 16 weeks old UT-B+/+ and UT-B-/- mice,,,,475246,GPL24247,Mus musculus,GSE,Expression profiling by high throughput sequencing; Non-coding RNA profiling by high throughput sequencing,2021/03/12,6,ftp://ftp.ncbi.nlm.nih.gov/geo/series/GSE168nnn/GSE168717/,,,,,OSD-270|RR3_HRT_FLT_F2,Space Flight
19,GSM7437564,0.9993060827255249,GSE233829,TNRC18 recognizes H3K9me3 to mediate transposable elements silencing at ERV regions [T18-tissue RNA-Seq],,,"Trimethylation of histone H3 lysine 9 (H3K9me3) is critical for regulation of gene repression and heterochromatin formation, cell-fate determination, and organismal development. In particular, H3K9me3 provides an essential mechanism for silencing various transposon elements (TEs). However, previous studies showed that the canonical H3K9me3 readers (e.g. HP1 and MPP8) play rather limited roles in silencing endogenous retroviruses (ERVs), one of major TE classes in the mammalian genome. Here, we report that Trinucleotide Repeat Containing 18 (TNRC18), a previously under-studied chromatin regulator, recognizes H3K9me3 and directly binds ERVs, mediating ERV silencing. Our biochemical, biophysical and structural studies identified the C-terminal Bromo Adjacent Homology (BAH) domain of TNRC18 (TNRC18BAH) as a H3K9me3-specific reader, and its N-terminal segment as a platform for direct recruitment of co-repressors such as TRIM28 and HDAC-Sin3-NCoR complexes, thereby enforcing optimal repression of the H3K9me3-demarcated ERVs. Point mutagenesis that disrupts the TNRC18BAH-mediated H3K9me3 engagement caused neonatal lethality in mice and, in multiple mammalian cell models, led to de-repressed expression of ERVs, affecting the landscape of cis-regulatory elements and thus gene-expression programs. Collectively, this study describes a previously-unknown TNRC18BAH-directed H3K9me3-sensing pathway, which operates to epigenetically silence the evolutionarily young ERVs, thereby exerting profound impacts on host genome integrity, transcriptomic regulation, immunity, and development.","To assess the function of the TNRC18-BAH domain in different organs, we isolated the primary tissues, namely, the lung, liver, heart, stomach and brain, from adult WT mice (n =2) and the paired littermates carrying Tnrc18-BAH homozygous mutation (W2745A/Y2747A; n=3), followed by preparation of total RNA samples and RNA-sequencing (n=2 duplicates per sample).  The processing of transcriptomic profiles used two different methods for analysis of either regular genes or transposable elements (TEs).",37938770,,,791805,GPL24247,Mus musculus,GSE,Expression profiling by high throughput sequencing,2023/07/24,50,ftp://ftp.ncbi.nlm.nih.gov/geo/series/GSE233nnn/GSE233829/,TNRC18 engages H3K9me3 to mediate silencing of endogenous retrotransposons.,Nature,2023 Nov,10.1038/s41586-023-06688-z,OSD-270|RR3_HRT_FLT_F2,Space Flight
20,GSM2577078,0.9996010065078735,GSE97763,A context-specific cardiac Beta-catenin and GATA4 interaction influences TCF7L2 occupancy and remodels chromatin driving disease progression in the adult heart,,,This SuperSeries is composed of the SubSeries listed below.,Refer to individual Series,29394407;36681760,,,110233,GPL17021; GPL13112,Mus musculus,GSE,Genome binding/occupancy profiling by high throughput sequencing; Expression profiling by high throughput sequencing,2018/01/23,19,ftp://ftp.ncbi.nlm.nih.gov/geo/series/GSE97nnn/GSE97763/,A context-specific cardiac β-catenin and GATA4 interaction influences TCF7L2 occupancy and remodels chromatin driving disease progression in the adult heart.,Nucleic acids research,2018 Apr 6,10.1093/nar/gky049,OSD-270|RR3_HRT_FLT_F9,Space Flight
21,GSM3431079,0.9996010065078735,GSE121300,Distinct TCF7L2 genomic occupancies discern chromatin states in the neonatal and diseased mammalian myocardium,,,This SuperSeries is composed of the SubSeries listed below.,Refer to individual Series,,,,211863,GPL21103; GPL13112,Mus musculus,GSE,Expression profiling by high throughput sequencing; Genome binding/occupancy profiling by high throughput sequencing,2021/08/02,13,ftp://ftp.ncbi.nlm.nih.gov/geo/series/GSE121nnn/GSE121300/,,,,,OSD-270|RR3_HRT_FLT_F9,Space Flight
22,GSM5159876,0.9995473623275757,GSE168717,tableNONMMUT140591.1 may serve as a ceRNA to regulate Gata5 in UT-B knockout-induced cardiac conduction block,,,"Objective: We intended to explore the potential molecular mechanisms underlying cardiac conduction block inducted by UT-B deletion at the transcriptome level. Methods: The heart tissues were harvested from UT-B null mice and age-matched wild-type mice for lncRNA sequencing analysis. Based on the sequencing data, the differentially expressed mRNAs (DEMs) and lncRNAs (DELs) between UT-B knockout and control groups were identified, followed by function analysis and mRNA-lncRNA co-expression analysis. The miRNAs were predicted, and then the competing endogenous RNA (ceRNA) network was constructed. Results: UT-B deletion results in the aberrant expression of 588 lncRNAs and 194 mRNAs. These DEMs were significantly enriched in inflammation-related pathway. A lncRNA-mRNA co-expression network and a ceRNA network was constructed on the basis of the DEMs and DELs. C7 (complement C7)-NONMMUT137216.1 co-expression pair had the highest correlation coefficient in the co-expression network. NONMMUT140591.1 had the highest degree in ceRNA network and involved in ceRNA of NONMMUT140591.1-mmu-miR-298-5p-Gata5 (GATA binding protein 5). Conclusion: UT-B deletion may promote cardiac conduction block via inflammatory process. The ceRNA NONMMUT140591.1-mmu-miR-298-5p-Gata5 may be a potential molecular mechanism of UT-B knockout-induced cardiac conduction block.",Retinal mRNA profiles of 16 weeks old UT-B+/+ and UT-B-/- mice,,,,475246,GPL24247,Mus musculus,GSE,Expression profiling by high throughput sequencing; Non-coding RNA profiling by high throughput sequencing,2021/03/12,6,ftp://ftp.ncbi.nlm.nih.gov/geo/series/GSE168nnn/GSE168717/,,,,,OSD-270|RR3_HRT_FLT_F9,Space Flight
23,GSM7437565,0.9995226860046387,GSE233829,TNRC18 recognizes H3K9me3 to mediate transposable elements silencing at ERV regions [T18-tissue RNA-Seq],,,"Trimethylation of histone H3 lysine 9 (H3K9me3) is critical for regulation of gene repression and heterochromatin formation, cell-fate determination, and organismal development. In particular, H3K9me3 provides an essential mechanism for silencing various transposon elements (TEs). However, previous studies showed that the canonical H3K9me3 readers (e.g. HP1 and MPP8) play rather limited roles in silencing endogenous retroviruses (ERVs), one of major TE classes in the mammalian genome. Here, we report that Trinucleotide Repeat Containing 18 (TNRC18), a previously under-studied chromatin regulator, recognizes H3K9me3 and directly binds ERVs, mediating ERV silencing. Our biochemical, biophysical and structural studies identified the C-terminal Bromo Adjacent Homology (BAH) domain of TNRC18 (TNRC18BAH) as a H3K9me3-specific reader, and its N-terminal segment as a platform for direct recruitment of co-repressors such as TRIM28 and HDAC-Sin3-NCoR complexes, thereby enforcing optimal repression of the H3K9me3-demarcated ERVs. Point mutagenesis that disrupts the TNRC18BAH-mediated H3K9me3 engagement caused neonatal lethality in mice and, in multiple mammalian cell models, led to de-repressed expression of ERVs, affecting the landscape of cis-regulatory elements and thus gene-expression programs. Collectively, this study describes a previously-unknown TNRC18BAH-directed H3K9me3-sensing pathway, which operates to epigenetically silence the evolutionarily young ERVs, thereby exerting profound impacts on host genome integrity, transcriptomic regulation, immunity, and development.","To assess the function of the TNRC18-BAH domain in different organs, we isolated the primary tissues, namely, the lung, liver, heart, stomach and brain, from adult WT mice (n =2) and the paired littermates carrying Tnrc18-BAH homozygous mutation (W2745A/Y2747A; n=3), followed by preparation of total RNA samples and RNA-sequencing (n=2 duplicates per sample).  The processing of transcriptomic profiles used two different methods for analysis of either regular genes or transposable elements (TEs).",37938770,,,791806,GPL24247,Mus musculus,GSE,Expression profiling by high throughput sequencing,2023/07/24,50,ftp://ftp.ncbi.nlm.nih.gov/geo/series/GSE233nnn/GSE233829/,TNRC18 engages H3K9me3 to mediate silencing of endogenous retrotransposons.,Nature,2023 Nov,10.1038/s41586-023-06688-z,OSD-270|RR3_HRT_FLT_F9,Space Flight
24,GSM7890249,0.9995154142379761,GSE247457,Effect of HDAC1/2 Inhibitor compound 60 (Cmpd60) on multiple organ systems in aged Mice,,,"In the current work, we performed multiple in silico drug screens using transcriptional profiles of 2837 small molecules testing their ability to mimic known genetic longevity interventions. We identified one compound that was most commonly found to mimic the transcriptional profile of the genetic longevity interventions. This benzamide-based small molecule, termed compound 60 (Cmpd60; aka Merck60 or BRD 692), is a selective histone deacetylase 1 and 2 (HDAC1/2) inhibitor.  Here, we used a combination of molecular, phenotypic, and bioinformatic analyses in multiple disease cell models and mouse models for age-related disease to establish if Cmpd60 acts as a geroprotector.","Aged mice: Natural aged, approx. 20 months old, male BL6 mice were acquired from Taconic and single housed under a 12:12-hour light-dark cycle in a room set to 23°C (+/- 0.2°C). All animals were fed a regular chow diet. Mice received daily i.p. injections with either Cmpd60 (n=6) or vehicle (n=7) for 14 days total. Body weight was monitored every 5 days to adjust i.p. volumes to body weight. Cmpd60 treated animals received a dose of 22.5 mg/kg with an i.p. volume of 7.5 ml/kg. Cmpd60 was dissolved in 2% DMSO, 49% PEG400, and 49% saline solution (= vehicle) resulting in a 3 mg/ml concentration. APPSWE-1349 mice: The APPSWE-1349 mice62 (BL6 background) were acquired from Taconic. The transgenic mice possess a transgene coding for the 695-amino acid isoform of human Alzheimer β-amyloid (Aβ) precursor protein carrying the Swedish mutation. Animals (~6-7 months old) were single housed under a 12:12-hour light-dark cycle in a room set to 23°C (+/- 0.2°C). All animals were fed a regular chow diet. Mice received daily i.p. injections with either Cmpd60 (n=12) or vehicle (n=12) for 14 days total. Body weight was monitored every 5 days to adjust i.p. volumes to body weight. Cmpd60 treated animals received a dose of 22.5 mg/kg with an i.p. volume of 7.5 ml/kg. Cmpd60 was dissolved in 2% DMSO, 49% PEG400, and 49% saline solution (= vehicle) resulting in a 3 mg/ml concentration.",38269100,,,832991,GPL21103,Mus musculus,GSE,Expression profiling by high throughput sequencing,2023/11/13,54,ftp://ftp.ncbi.nlm.nih.gov/geo/series/GSE247nnn/GSE247457/,HDAC1/2 inhibitor therapy improves multiple organ systems in aged mice.,iScience,2024 Jan 19,10.1016/j.isci.2023.108681,OSD-270|RR3_HRT_FLT_F9,Space Flight
25,GSM3431082,0.9994717836380005,GSE121300,Distinct TCF7L2 genomic occupancies discern chromatin states in the neonatal and diseased mammalian myocardium,,,This SuperSeries is composed of the SubSeries listed below.,Refer to individual Series,,,,211866,GPL21103; GPL13112,Mus musculus,GSE,Expression profiling by high throughput sequencing; Genome binding/occupancy profiling by high throughput sequencing,2021/08/02,13,ftp://ftp.ncbi.nlm.nih.gov/geo/series/GSE121nnn/GSE121300/,,,,,OSD-270|RR3_HRT_FLT_F9,Space Flight
26,GSM2577081,0.9994717836380005,GSE97763,A context-specific cardiac Beta-catenin and GATA4 interaction influences TCF7L2 occupancy and remodels chromatin driving disease progression in the adult heart,,,This SuperSeries is composed of the SubSeries listed below.,Refer to individual Series,29394407;36681760,,,110236,GPL17021; GPL13112,Mus musculus,GSE,Genome binding/occupancy profiling by high throughput sequencing; Expression profiling by high throughput sequencing,2018/01/23,19,ftp://ftp.ncbi.nlm.nih.gov/geo/series/GSE97nnn/GSE97763/,A context-specific cardiac β-catenin and GATA4 interaction influences TCF7L2 occupancy and remodels chromatin driving disease progression in the adult heart.,Nucleic acids research,2018 Apr 6,10.1093/nar/gky049,OSD-270|RR3_HRT_FLT_F9,Space Flight
27,GSM7437568,0.9994152188301086,GSE233829,TNRC18 recognizes H3K9me3 to mediate transposable elements silencing at ERV regions [T18-tissue RNA-Seq],,,"Trimethylation of histone H3 lysine 9 (H3K9me3) is critical for regulation of gene repression and heterochromatin formation, cell-fate determination, and organismal development. In particular, H3K9me3 provides an essential mechanism for silencing various transposon elements (TEs). However, previous studies showed that the canonical H3K9me3 readers (e.g. HP1 and MPP8) play rather limited roles in silencing endogenous retroviruses (ERVs), one of major TE classes in the mammalian genome. Here, we report that Trinucleotide Repeat Containing 18 (TNRC18), a previously under-studied chromatin regulator, recognizes H3K9me3 and directly binds ERVs, mediating ERV silencing. Our biochemical, biophysical and structural studies identified the C-terminal Bromo Adjacent Homology (BAH) domain of TNRC18 (TNRC18BAH) as a H3K9me3-specific reader, and its N-terminal segment as a platform for direct recruitment of co-repressors such as TRIM28 and HDAC-Sin3-NCoR complexes, thereby enforcing optimal repression of the H3K9me3-demarcated ERVs. Point mutagenesis that disrupts the TNRC18BAH-mediated H3K9me3 engagement caused neonatal lethality in mice and, in multiple mammalian cell models, led to de-repressed expression of ERVs, affecting the landscape of cis-regulatory elements and thus gene-expression programs. Collectively, this study describes a previously-unknown TNRC18BAH-directed H3K9me3-sensing pathway, which operates to epigenetically silence the evolutionarily young ERVs, thereby exerting profound impacts on host genome integrity, transcriptomic regulation, immunity, and development.","To assess the function of the TNRC18-BAH domain in different organs, we isolated the primary tissues, namely, the lung, liver, heart, stomach and brain, from adult WT mice (n =2) and the paired littermates carrying Tnrc18-BAH homozygous mutation (W2745A/Y2747A; n=3), followed by preparation of total RNA samples and RNA-sequencing (n=2 duplicates per sample).  The processing of transcriptomic profiles used two different methods for analysis of either regular genes or transposable elements (TEs).",37938770,,,791809,GPL24247,Mus musculus,GSE,Expression profiling by high throughput sequencing,2023/07/24,50,ftp://ftp.ncbi.nlm.nih.gov/geo/series/GSE233nnn/GSE233829/,TNRC18 engages H3K9me3 to mediate silencing of endogenous retrotransposons.,Nature,2023 Nov,10.1038/s41586-023-06688-z,OSD-270|RR3_HRT_FLT_F9,Space Flight
28,GSM7890250,0.9993774890899658,GSE247457,Effect of HDAC1/2 Inhibitor compound 60 (Cmpd60) on multiple organ systems in aged Mice,,,"In the current work, we performed multiple in silico drug screens using transcriptional profiles of 2837 small molecules testing their ability to mimic known genetic longevity interventions. We identified one compound that was most commonly found to mimic the transcriptional profile of the genetic longevity interventions. This benzamide-based small molecule, termed compound 60 (Cmpd60; aka Merck60 or BRD 692), is a selective histone deacetylase 1 and 2 (HDAC1/2) inhibitor.  Here, we used a combination of molecular, phenotypic, and bioinformatic analyses in multiple disease cell models and mouse models for age-related disease to establish if Cmpd60 acts as a geroprotector.","Aged mice: Natural aged, approx. 20 months old, male BL6 mice were acquired from Taconic and single housed under a 12:12-hour light-dark cycle in a room set to 23°C (+/- 0.2°C). All animals were fed a regular chow diet. Mice received daily i.p. injections with either Cmpd60 (n=6) or vehicle (n=7) for 14 days total. Body weight was monitored every 5 days to adjust i.p. volumes to body weight. Cmpd60 treated animals received a dose of 22.5 mg/kg with an i.p. volume of 7.5 ml/kg. Cmpd60 was dissolved in 2% DMSO, 49% PEG400, and 49% saline solution (= vehicle) resulting in a 3 mg/ml concentration. APPSWE-1349 mice: The APPSWE-1349 mice62 (BL6 background) were acquired from Taconic. The transgenic mice possess a transgene coding for the 695-amino acid isoform of human Alzheimer β-amyloid (Aβ) precursor protein carrying the Swedish mutation. Animals (~6-7 months old) were single housed under a 12:12-hour light-dark cycle in a room set to 23°C (+/- 0.2°C). All animals were fed a regular chow diet. Mice received daily i.p. injections with either Cmpd60 (n=12) or vehicle (n=12) for 14 days total. Body weight was monitored every 5 days to adjust i.p. volumes to body weight. Cmpd60 treated animals received a dose of 22.5 mg/kg with an i.p. volume of 7.5 ml/kg. Cmpd60 was dissolved in 2% DMSO, 49% PEG400, and 49% saline solution (= vehicle) resulting in a 3 mg/ml concentration.",38269100,,,832992,GPL21103,Mus musculus,GSE,Expression profiling by high throughput sequencing,2023/11/13,54,ftp://ftp.ncbi.nlm.nih.gov/geo/series/GSE247nnn/GSE247457/,HDAC1/2 inhibitor therapy improves multiple organ systems in aged mice.,iScience,2024 Jan 19,10.1016/j.isci.2023.108681,OSD-270|RR3_HRT_FLT_F9,Space Flight
29,GSM6234259,0.9993720054626465,GSE205838,Disrupted propionate metabolism evokes transcriptional changes in the heart by increasing histone acetylation and propionylation,,,This SuperSeries is composed of the SubSeries listed below.,Refer to individual Series,38500966,,,652705,GPL24247; GPL25947; GPL19057; GPL20084,Mus musculus; Rattus norvegicus,GSE,Expression profiling by high throughput sequencing; Genome binding/occupancy profiling by high throughput sequencing,2023/09/28,41,ftp://ftp.ncbi.nlm.nih.gov/geo/series/GSE205nnn/GSE205838/,Disrupted propionate metabolism evokes transcriptional changes in the heart by increasing histone acetylation and propionylation.,Nature cardiovascular research,2023 Dec,10.1038/s44161-023-00365-0,OSD-270|RR3_HRT_FLT_F9,Space Flight
30,GSM2577078,0.9995574951171875,GSE97763,A context-specific cardiac Beta-catenin and GATA4 interaction influences TCF7L2 occupancy and remodels chromatin driving disease progression in the adult heart,,,This SuperSeries is composed of the SubSeries listed below.,Refer to individual Series,29394407;36681760,,,110233,GPL17021; GPL13112,Mus musculus,GSE,Genome binding/occupancy profiling by high throughput sequencing; Expression profiling by high throughput sequencing,2018/01/23,19,ftp://ftp.ncbi.nlm.nih.gov/geo/series/GSE97nnn/GSE97763/,A context-specific cardiac β-catenin and GATA4 interaction influences TCF7L2 occupancy and remodels chromatin driving disease progression in the adult heart.,Nucleic acids research,2018 Apr 6,10.1093/nar/gky049,OSD-270|RR3_HRT_GC_G7,Ground Control
31,GSM3431079,0.9995574951171875,GSE121300,Distinct TCF7L2 genomic occupancies discern chromatin states in the neonatal and diseased mammalian myocardium,,,This SuperSeries is composed of the SubSeries listed below.,Refer to individual Series,,,,211863,GPL21103; GPL13112,Mus musculus,GSE,Expression profiling by high throughput sequencing; Genome binding/occupancy profiling by high throughput sequencing,2021/08/02,13,ftp://ftp.ncbi.nlm.nih.gov/geo/series/GSE121nnn/GSE121300/,,,,,OSD-270|RR3_HRT_GC_G7,Ground Control
32,GSM7437565,0.9995283484458923,GSE233829,TNRC18 recognizes H3K9me3 to mediate transposable elements silencing at ERV regions [T18-tissue RNA-Seq],,,"Trimethylation of histone H3 lysine 9 (H3K9me3) is critical for regulation of gene repression and heterochromatin formation, cell-fate determination, and organismal development. In particular, H3K9me3 provides an essential mechanism for silencing various transposon elements (TEs). However, previous studies showed that the canonical H3K9me3 readers (e.g. HP1 and MPP8) play rather limited roles in silencing endogenous retroviruses (ERVs), one of major TE classes in the mammalian genome. Here, we report that Trinucleotide Repeat Containing 18 (TNRC18), a previously under-studied chromatin regulator, recognizes H3K9me3 and directly binds ERVs, mediating ERV silencing. Our biochemical, biophysical and structural studies identified the C-terminal Bromo Adjacent Homology (BAH) domain of TNRC18 (TNRC18BAH) as a H3K9me3-specific reader, and its N-terminal segment as a platform for direct recruitment of co-repressors such as TRIM28 and HDAC-Sin3-NCoR complexes, thereby enforcing optimal repression of the H3K9me3-demarcated ERVs. Point mutagenesis that disrupts the TNRC18BAH-mediated H3K9me3 engagement caused neonatal lethality in mice and, in multiple mammalian cell models, led to de-repressed expression of ERVs, affecting the landscape of cis-regulatory elements and thus gene-expression programs. Collectively, this study describes a previously-unknown TNRC18BAH-directed H3K9me3-sensing pathway, which operates to epigenetically silence the evolutionarily young ERVs, thereby exerting profound impacts on host genome integrity, transcriptomic regulation, immunity, and development.","To assess the function of the TNRC18-BAH domain in different organs, we isolated the primary tissues, namely, the lung, liver, heart, stomach and brain, from adult WT mice (n =2) and the paired littermates carrying Tnrc18-BAH homozygous mutation (W2745A/Y2747A; n=3), followed by preparation of total RNA samples and RNA-sequencing (n=2 duplicates per sample).  The processing of transcriptomic profiles used two different methods for analysis of either regular genes or transposable elements (TEs).",37938770,,,791806,GPL24247,Mus musculus,GSE,Expression profiling by high throughput sequencing,2023/07/24,50,ftp://ftp.ncbi.nlm.nih.gov/geo/series/GSE233nnn/GSE233829/,TNRC18 engages H3K9me3 to mediate silencing of endogenous retrotransposons.,Nature,2023 Nov,10.1038/s41586-023-06688-z,OSD-270|RR3_HRT_GC_G7,Ground Control
33,GSM7890249,0.9994520545005798,GSE247457,Effect of HDAC1/2 Inhibitor compound 60 (Cmpd60) on multiple organ systems in aged Mice,,,"In the current work, we performed multiple in silico drug screens using transcriptional profiles of 2837 small molecules testing their ability to mimic known genetic longevity interventions. We identified one compound that was most commonly found to mimic the transcriptional profile of the genetic longevity interventions. This benzamide-based small molecule, termed compound 60 (Cmpd60; aka Merck60 or BRD 692), is a selective histone deacetylase 1 and 2 (HDAC1/2) inhibitor.  Here, we used a combination of molecular, phenotypic, and bioinformatic analyses in multiple disease cell models and mouse models for age-related disease to establish if Cmpd60 acts as a geroprotector.","Aged mice: Natural aged, approx. 20 months old, male BL6 mice were acquired from Taconic and single housed under a 12:12-hour light-dark cycle in a room set to 23°C (+/- 0.2°C). All animals were fed a regular chow diet. Mice received daily i.p. injections with either Cmpd60 (n=6) or vehicle (n=7) for 14 days total. Body weight was monitored every 5 days to adjust i.p. volumes to body weight. Cmpd60 treated animals received a dose of 22.5 mg/kg with an i.p. volume of 7.5 ml/kg. Cmpd60 was dissolved in 2% DMSO, 49% PEG400, and 49% saline solution (= vehicle) resulting in a 3 mg/ml concentration. APPSWE-1349 mice: The APPSWE-1349 mice62 (BL6 background) were acquired from Taconic. The transgenic mice possess a transgene coding for the 695-amino acid isoform of human Alzheimer β-amyloid (Aβ) precursor protein carrying the Swedish mutation. Animals (~6-7 months old) were single housed under a 12:12-hour light-dark cycle in a room set to 23°C (+/- 0.2°C). All animals were fed a regular chow diet. Mice received daily i.p. injections with either Cmpd60 (n=12) or vehicle (n=12) for 14 days total. Body weight was monitored every 5 days to adjust i.p. volumes to body weight. Cmpd60 treated animals received a dose of 22.5 mg/kg with an i.p. volume of 7.5 ml/kg. Cmpd60 was dissolved in 2% DMSO, 49% PEG400, and 49% saline solution (= vehicle) resulting in a 3 mg/ml concentration.",38269100,,,832991,GPL21103,Mus musculus,GSE,Expression profiling by high throughput sequencing,2023/11/13,54,ftp://ftp.ncbi.nlm.nih.gov/geo/series/GSE247nnn/GSE247457/,HDAC1/2 inhibitor therapy improves multiple organ systems in aged mice.,iScience,2024 Jan 19,10.1016/j.isci.2023.108681,OSD-270|RR3_HRT_GC_G7,Ground Control
34,GSM3431082,0.9994183778762817,GSE121300,Distinct TCF7L2 genomic occupancies discern chromatin states in the neonatal and diseased mammalian myocardium,,,This SuperSeries is composed of the SubSeries listed below.,Refer to individual Series,,,,211866,GPL21103; GPL13112,Mus musculus,GSE,Expression profiling by high throughput sequencing; Genome binding/occupancy profiling by high throughput sequencing,2021/08/02,13,ftp://ftp.ncbi.nlm.nih.gov/geo/series/GSE121nnn/GSE121300/,,,,,OSD-270|RR3_HRT_GC_G7,Ground Control
35,GSM2577081,0.9994183778762817,GSE97763,A context-specific cardiac Beta-catenin and GATA4 interaction influences TCF7L2 occupancy and remodels chromatin driving disease progression in the adult heart,,,This SuperSeries is composed of the SubSeries listed below.,Refer to individual Series,29394407;36681760,,,110236,GPL17021; GPL13112,Mus musculus,GSE,Genome binding/occupancy profiling by high throughput sequencing; Expression profiling by high throughput sequencing,2018/01/23,19,ftp://ftp.ncbi.nlm.nih.gov/geo/series/GSE97nnn/GSE97763/,A context-specific cardiac β-catenin and GATA4 interaction influences TCF7L2 occupancy and remodels chromatin driving disease progression in the adult heart.,Nucleic acids research,2018 Apr 6,10.1093/nar/gky049,OSD-270|RR3_HRT_GC_G7,Ground Control
36,GSM5159876,0.9994001388549805,GSE168717,tableNONMMUT140591.1 may serve as a ceRNA to regulate Gata5 in UT-B knockout-induced cardiac conduction block,,,"Objective: We intended to explore the potential molecular mechanisms underlying cardiac conduction block inducted by UT-B deletion at the transcriptome level. Methods: The heart tissues were harvested from UT-B null mice and age-matched wild-type mice for lncRNA sequencing analysis. Based on the sequencing data, the differentially expressed mRNAs (DEMs) and lncRNAs (DELs) between UT-B knockout and control groups were identified, followed by function analysis and mRNA-lncRNA co-expression analysis. The miRNAs were predicted, and then the competing endogenous RNA (ceRNA) network was constructed. Results: UT-B deletion results in the aberrant expression of 588 lncRNAs and 194 mRNAs. These DEMs were significantly enriched in inflammation-related pathway. A lncRNA-mRNA co-expression network and a ceRNA network was constructed on the basis of the DEMs and DELs. C7 (complement C7)-NONMMUT137216.1 co-expression pair had the highest correlation coefficient in the co-expression network. NONMMUT140591.1 had the highest degree in ceRNA network and involved in ceRNA of NONMMUT140591.1-mmu-miR-298-5p-Gata5 (GATA binding protein 5). Conclusion: UT-B deletion may promote cardiac conduction block via inflammatory process. The ceRNA NONMMUT140591.1-mmu-miR-298-5p-Gata5 may be a potential molecular mechanism of UT-B knockout-induced cardiac conduction block.",Retinal mRNA profiles of 16 weeks old UT-B+/+ and UT-B-/- mice,,,,475246,GPL24247,Mus musculus,GSE,Expression profiling by high throughput sequencing; Non-coding RNA profiling by high throughput sequencing,2021/03/12,6,ftp://ftp.ncbi.nlm.nih.gov/geo/series/GSE168nnn/GSE168717/,,,,,OSD-270|RR3_HRT_GC_G7,Ground Control
37,GSM7437568,0.9994001388549805,GSE233829,TNRC18 recognizes H3K9me3 to mediate transposable elements silencing at ERV regions [T18-tissue RNA-Seq],,,"Trimethylation of histone H3 lysine 9 (H3K9me3) is critical for regulation of gene repression and heterochromatin formation, cell-fate determination, and organismal development. In particular, H3K9me3 provides an essential mechanism for silencing various transposon elements (TEs). However, previous studies showed that the canonical H3K9me3 readers (e.g. HP1 and MPP8) play rather limited roles in silencing endogenous retroviruses (ERVs), one of major TE classes in the mammalian genome. Here, we report that Trinucleotide Repeat Containing 18 (TNRC18), a previously under-studied chromatin regulator, recognizes H3K9me3 and directly binds ERVs, mediating ERV silencing. Our biochemical, biophysical and structural studies identified the C-terminal Bromo Adjacent Homology (BAH) domain of TNRC18 (TNRC18BAH) as a H3K9me3-specific reader, and its N-terminal segment as a platform for direct recruitment of co-repressors such as TRIM28 and HDAC-Sin3-NCoR complexes, thereby enforcing optimal repression of the H3K9me3-demarcated ERVs. Point mutagenesis that disrupts the TNRC18BAH-mediated H3K9me3 engagement caused neonatal lethality in mice and, in multiple mammalian cell models, led to de-repressed expression of ERVs, affecting the landscape of cis-regulatory elements and thus gene-expression programs. Collectively, this study describes a previously-unknown TNRC18BAH-directed H3K9me3-sensing pathway, which operates to epigenetically silence the evolutionarily young ERVs, thereby exerting profound impacts on host genome integrity, transcriptomic regulation, immunity, and development.","To assess the function of the TNRC18-BAH domain in different organs, we isolated the primary tissues, namely, the lung, liver, heart, stomach and brain, from adult WT mice (n =2) and the paired littermates carrying Tnrc18-BAH homozygous mutation (W2745A/Y2747A; n=3), followed by preparation of total RNA samples and RNA-sequencing (n=2 duplicates per sample).  The processing of transcriptomic profiles used two different methods for analysis of either regular genes or transposable elements (TEs).",37938770,,,791809,GPL24247,Mus musculus,GSE,Expression profiling by high throughput sequencing,2023/07/24,50,ftp://ftp.ncbi.nlm.nih.gov/geo/series/GSE233nnn/GSE233829/,TNRC18 engages H3K9me3 to mediate silencing of endogenous retrotransposons.,Nature,2023 Nov,10.1038/s41586-023-06688-z,OSD-270|RR3_HRT_GC_G7,Ground Control
38,GSM6234259,0.9993807077407837,GSE205838,Disrupted propionate metabolism evokes transcriptional changes in the heart by increasing histone acetylation and propionylation,,,This SuperSeries is composed of the SubSeries listed below.,Refer to individual Series,38500966,,,652705,GPL24247; GPL25947; GPL19057; GPL20084,Mus musculus; Rattus norvegicus,GSE,Expression profiling by high throughput sequencing; Genome binding/occupancy profiling by high throughput sequencing,2023/09/28,41,ftp://ftp.ncbi.nlm.nih.gov/geo/series/GSE205nnn/GSE205838/,Disrupted propionate metabolism evokes transcriptional changes in the heart by increasing histone acetylation and propionylation.,Nature cardiovascular research,2023 Dec,10.1038/s44161-023-00365-0,OSD-270|RR3_HRT_GC_G7,Ground Control
39,GSM6234253,0.9993782639503479,GSE205838,Disrupted propionate metabolism evokes transcriptional changes in the heart by increasing histone acetylation and propionylation,,,This SuperSeries is composed of the SubSeries listed below.,Refer to individual Series,38500966,,,652699,GPL24247; GPL25947; GPL19057; GPL20084,Mus musculus; Rattus norvegicus,GSE,Expression profiling by high throughput sequencing; Genome binding/occupancy profiling by high throughput sequencing,2023/09/28,41,ftp://ftp.ncbi.nlm.nih.gov/geo/series/GSE205nnn/GSE205838/,Disrupted propionate metabolism evokes transcriptional changes in the heart by increasing histone acetylation and propionylation.,Nature cardiovascular research,2023 Dec,10.1038/s44161-023-00365-0,OSD-270|RR3_HRT_GC_G7,Ground Control
40,GSM2577078,0.9994807243347168,GSE97763,A context-specific cardiac Beta-catenin and GATA4 interaction influences TCF7L2 occupancy and remodels chromatin driving disease progression in the adult heart,,,This SuperSeries is composed of the SubSeries listed below.,Refer to individual Series,29394407;36681760,,,110233,GPL17021; GPL13112,Mus musculus,GSE,Genome binding/occupancy profiling by high throughput sequencing; Expression profiling by high throughput sequencing,2018/01/23,19,ftp://ftp.ncbi.nlm.nih.gov/geo/series/GSE97nnn/GSE97763/,A context-specific cardiac β-catenin and GATA4 interaction influences TCF7L2 occupancy and remodels chromatin driving disease progression in the adult heart.,Nucleic acids research,2018 Apr 6,10.1093/nar/gky049,OSD-270|RR3_HRT_GC_G8,Ground Control
41,GSM3431079,0.9994807243347168,GSE121300,Distinct TCF7L2 genomic occupancies discern chromatin states in the neonatal and diseased mammalian myocardium,,,This SuperSeries is composed of the SubSeries listed below.,Refer to individual Series,,,,211863,GPL21103; GPL13112,Mus musculus,GSE,Expression profiling by high throughput sequencing; Genome binding/occupancy profiling by high throughput sequencing,2021/08/02,13,ftp://ftp.ncbi.nlm.nih.gov/geo/series/GSE121nnn/GSE121300/,,,,,OSD-270|RR3_HRT_GC_G8,Ground Control
42,GSM3431082,0.9993699789047241,GSE121300,Distinct TCF7L2 genomic occupancies discern chromatin states in the neonatal and diseased mammalian myocardium,,,This SuperSeries is composed of the SubSeries listed below.,Refer to individual Series,,,,211866,GPL21103; GPL13112,Mus musculus,GSE,Expression profiling by high throughput sequencing; Genome binding/occupancy profiling by high throughput sequencing,2021/08/02,13,ftp://ftp.ncbi.nlm.nih.gov/geo/series/GSE121nnn/GSE121300/,,,,,OSD-270|RR3_HRT_GC_G8,Ground Control
43,GSM2577081,0.9993699789047241,GSE97763,A context-specific cardiac Beta-catenin and GATA4 interaction influences TCF7L2 occupancy and remodels chromatin driving disease progression in the adult heart,,,This SuperSeries is composed of the SubSeries listed below.,Refer to individual Series,29394407;36681760,,,110236,GPL17021; GPL13112,Mus musculus,GSE,Genome binding/occupancy profiling by high throughput sequencing; Expression profiling by high throughput sequencing,2018/01/23,19,ftp://ftp.ncbi.nlm.nih.gov/geo/series/GSE97nnn/GSE97763/,A context-specific cardiac β-catenin and GATA4 interaction influences TCF7L2 occupancy and remodels chromatin driving disease progression in the adult heart.,Nucleic acids research,2018 Apr 6,10.1093/nar/gky049,OSD-270|RR3_HRT_GC_G8,Ground Control
44,GSM6234259,0.9993151426315308,GSE205838,Disrupted propionate metabolism evokes transcriptional changes in the heart by increasing histone acetylation and propionylation,,,This SuperSeries is composed of the SubSeries listed below.,Refer to individual Series,38500966,,,652705,GPL24247; GPL25947; GPL19057; GPL20084,Mus musculus; Rattus norvegicus,GSE,Expression profiling by high throughput sequencing; Genome binding/occupancy profiling by high throughput sequencing,2023/09/28,41,ftp://ftp.ncbi.nlm.nih.gov/geo/series/GSE205nnn/GSE205838/,Disrupted propionate metabolism evokes transcriptional changes in the heart by increasing histone acetylation and propionylation.,Nature cardiovascular research,2023 Dec,10.1038/s44161-023-00365-0,OSD-270|RR3_HRT_GC_G8,Ground Control
45,GSM7437565,0.9993125200271606,GSE233829,TNRC18 recognizes H3K9me3 to mediate transposable elements silencing at ERV regions [T18-tissue RNA-Seq],,,"Trimethylation of histone H3 lysine 9 (H3K9me3) is critical for regulation of gene repression and heterochromatin formation, cell-fate determination, and organismal development. In particular, H3K9me3 provides an essential mechanism for silencing various transposon elements (TEs). However, previous studies showed that the canonical H3K9me3 readers (e.g. HP1 and MPP8) play rather limited roles in silencing endogenous retroviruses (ERVs), one of major TE classes in the mammalian genome. Here, we report that Trinucleotide Repeat Containing 18 (TNRC18), a previously under-studied chromatin regulator, recognizes H3K9me3 and directly binds ERVs, mediating ERV silencing. Our biochemical, biophysical and structural studies identified the C-terminal Bromo Adjacent Homology (BAH) domain of TNRC18 (TNRC18BAH) as a H3K9me3-specific reader, and its N-terminal segment as a platform for direct recruitment of co-repressors such as TRIM28 and HDAC-Sin3-NCoR complexes, thereby enforcing optimal repression of the H3K9me3-demarcated ERVs. Point mutagenesis that disrupts the TNRC18BAH-mediated H3K9me3 engagement caused neonatal lethality in mice and, in multiple mammalian cell models, led to de-repressed expression of ERVs, affecting the landscape of cis-regulatory elements and thus gene-expression programs. Collectively, this study describes a previously-unknown TNRC18BAH-directed H3K9me3-sensing pathway, which operates to epigenetically silence the evolutionarily young ERVs, thereby exerting profound impacts on host genome integrity, transcriptomic regulation, immunity, and development.","To assess the function of the TNRC18-BAH domain in different organs, we isolated the primary tissues, namely, the lung, liver, heart, stomach and brain, from adult WT mice (n =2) and the paired littermates carrying Tnrc18-BAH homozygous mutation (W2745A/Y2747A; n=3), followed by preparation of total RNA samples and RNA-sequencing (n=2 duplicates per sample).  The processing of transcriptomic profiles used two different methods for analysis of either regular genes or transposable elements (TEs).",37938770,,,791806,GPL24247,Mus musculus,GSE,Expression profiling by high throughput sequencing,2023/07/24,50,ftp://ftp.ncbi.nlm.nih.gov/geo/series/GSE233nnn/GSE233829/,TNRC18 engages H3K9me3 to mediate silencing of endogenous retrotransposons.,Nature,2023 Nov,10.1038/s41586-023-06688-z,OSD-270|RR3_HRT_GC_G8,Ground Control
46,GSM4709666,0.9993094801902771,GSE155658,Postnatal development of Cardiomyocyte,,,"Postnatal heart maturation is the basis of normal cardiac function and provides critical insights into heart repair and regenerative medicine. While static snapshots of the maturing heart have provided much insight into its molecular signatures, few key events during postnatal cardiomyocyte maturation have been uncovered.Here we processed bulkRNASeq and ChIPSeq of Cardiomyocyte at different postnatal time points.","RNA-Seq of mouse/rat cardiomyocytes in postnatal; ChIP-Seq of H3K4me1, H3K4me3, H3K27me3, H3K27ac and Pol II in mouse cardiomyocytes in postnatal",35394262,,,399363,GPL28964; GPL19057,Rattus rattus; Mus musculus,GSE,Expression profiling by high throughput sequencing; Genome binding/occupancy profiling by high throughput sequencing,2022/05/29,115,ftp://ftp.ncbi.nlm.nih.gov/geo/series/GSE155nnn/GSE155658/,Postnatal state transition of cardiomyocyte as a primary step in heart maturation.,Protein & cell,2022 Nov,10.1007/s13238-022-00908-4,OSD-270|RR3_HRT_GC_G8,Ground Control
47,GSM7890249,0.9992864727973938,GSE247457,Effect of HDAC1/2 Inhibitor compound 60 (Cmpd60) on multiple organ systems in aged Mice,,,"In the current work, we performed multiple in silico drug screens using transcriptional profiles of 2837 small molecules testing their ability to mimic known genetic longevity interventions. We identified one compound that was most commonly found to mimic the transcriptional profile of the genetic longevity interventions. This benzamide-based small molecule, termed compound 60 (Cmpd60; aka Merck60 or BRD 692), is a selective histone deacetylase 1 and 2 (HDAC1/2) inhibitor.  Here, we used a combination of molecular, phenotypic, and bioinformatic analyses in multiple disease cell models and mouse models for age-related disease to establish if Cmpd60 acts as a geroprotector.","Aged mice: Natural aged, approx. 20 months old, male BL6 mice were acquired from Taconic and single housed under a 12:12-hour light-dark cycle in a room set to 23°C (+/- 0.2°C). All animals were fed a regular chow diet. Mice received daily i.p. injections with either Cmpd60 (n=6) or vehicle (n=7) for 14 days total. Body weight was monitored every 5 days to adjust i.p. volumes to body weight. Cmpd60 treated animals received a dose of 22.5 mg/kg with an i.p. volume of 7.5 ml/kg. Cmpd60 was dissolved in 2% DMSO, 49% PEG400, and 49% saline solution (= vehicle) resulting in a 3 mg/ml concentration. APPSWE-1349 mice: The APPSWE-1349 mice62 (BL6 background) were acquired from Taconic. The transgenic mice possess a transgene coding for the 695-amino acid isoform of human Alzheimer β-amyloid (Aβ) precursor protein carrying the Swedish mutation. Animals (~6-7 months old) were single housed under a 12:12-hour light-dark cycle in a room set to 23°C (+/- 0.2°C). All animals were fed a regular chow diet. Mice received daily i.p. injections with either Cmpd60 (n=12) or vehicle (n=12) for 14 days total. Body weight was monitored every 5 days to adjust i.p. volumes to body weight. Cmpd60 treated animals received a dose of 22.5 mg/kg with an i.p. volume of 7.5 ml/kg. Cmpd60 was dissolved in 2% DMSO, 49% PEG400, and 49% saline solution (= vehicle) resulting in a 3 mg/ml concentration.",38269100,,,832991,GPL21103,Mus musculus,GSE,Expression profiling by high throughput sequencing,2023/11/13,54,ftp://ftp.ncbi.nlm.nih.gov/geo/series/GSE247nnn/GSE247457/,HDAC1/2 inhibitor therapy improves multiple organ systems in aged mice.,iScience,2024 Jan 19,10.1016/j.isci.2023.108681,OSD-270|RR3_HRT_GC_G8,Ground Control
48,GSM6234268,0.9992504119873047,GSE205838,Disrupted propionate metabolism evokes transcriptional changes in the heart by increasing histone acetylation and propionylation,,,This SuperSeries is composed of the SubSeries listed below.,Refer to individual Series,38500966,,,652714,GPL24247; GPL25947; GPL19057; GPL20084,Mus musculus; Rattus norvegicus,GSE,Expression profiling by high throughput sequencing; Genome binding/occupancy profiling by high throughput sequencing,2023/09/28,41,ftp://ftp.ncbi.nlm.nih.gov/geo/series/GSE205nnn/GSE205838/,Disrupted propionate metabolism evokes transcriptional changes in the heart by increasing histone acetylation and propionylation.,Nature cardiovascular research,2023 Dec,10.1038/s44161-023-00365-0,OSD-270|RR3_HRT_GC_G8,Ground Control
49,GSM4709667,0.9992456436157227,GSE155658,Postnatal development of Cardiomyocyte,,,"Postnatal heart maturation is the basis of normal cardiac function and provides critical insights into heart repair and regenerative medicine. While static snapshots of the maturing heart have provided much insight into its molecular signatures, few key events during postnatal cardiomyocyte maturation have been uncovered.Here we processed bulkRNASeq and ChIPSeq of Cardiomyocyte at different postnatal time points.","RNA-Seq of mouse/rat cardiomyocytes in postnatal; ChIP-Seq of H3K4me1, H3K4me3, H3K27me3, H3K27ac and Pol II in mouse cardiomyocytes in postnatal",35394262,,,399364,GPL28964; GPL19057,Rattus rattus; Mus musculus,GSE,Expression profiling by high throughput sequencing; Genome binding/occupancy profiling by high throughput sequencing,2022/05/29,115,ftp://ftp.ncbi.nlm.nih.gov/geo/series/GSE155nnn/GSE155658/,Postnatal state transition of cardiomyocyte as a primary step in heart maturation.,Protein & cell,2022 Nov,10.1007/s13238-022-00908-4,OSD-270|RR3_HRT_GC_G8,Ground Control
