Topic,Count,Name,Representation,Representative_Docs,journals
-1,50,-1_sequence_reads_enrichment_changes,"['sequence', 'reads', 'enrichment', 'changes', 'technology', 'library', 'read', 'process', 'human', 'pigment']","['reads', 'sequence', 'sequence']","['GSE106591', 'GSE106591', 'GSE210492', 'GSE205070', 'GSE143281', 'GSE106591', 'GSE106591', 'GSE106591', 'GSE205070', 'GSE143281', 'GSE205070']"
0,44,0_analysis_study_samples_validation,"['analysis', 'study', 'samples', 'validation', 'annotated', 'analyzed', 'degeneration', 'paralog']","['analysis', 'analysis', 'analysis']","['GSE106591', 'GSE210492', 'GSE106591', 'GSE106591', 'GSE106591', 'GSE106591', 'GSE106591', 'GSE205070', 'GSE205070']"
1,38,1_biological_ngs_biologic_workflow,"['biological', 'ngs', 'biologic', 'workflow', 'pathways', 'methods', 'fdr', 'morphological', 'aspects', 'phenotypes']","['NGS', 'biological', 'biological']","['GSE106591', 'GSE205070', 'GSE106591', 'GSE106591', 'GSE106591', 'GSE106591', 'GSE106591', 'GSE106591', 'GSE143281', 'GSE143281', 'GSE205070']"
2,31,2_retina_retinal_illumina_posterior,"['retina', 'retinal', 'illumina', 'posterior', 'receptor', 'photoreceptor']","['retina', 'retina', 'retina']","['GSE210492', 'GSE143281', 'GSE205070', 'GSE210492', 'GSE106591', 'GSE210492', 'GSE205070', 'GSE205070']"
3,27,3_removal_replicates_eyecups_gencode,"['removal', 'replicates', 'eyecups', 'gencode', 'compare', 'segments', 'absence']","['removal', 'removal', 'removal']","['GSE106591', 'GSE106591', 'GSE210492', 'GSE106591', 'GSE106591', 'GSE205070', 'GSE205070']"
4,25,4_data_model_values_levels,"['data', 'model', 'values', 'levels', 'level', 'models']","['data', 'data', 'data']","['GSE106591', 'GSE210492', 'GSE210492', 'GSE106591', 'GSE106591', 'GSE106591', 'GSE205070']"
5,24,5_mice_wild_type_mapped,"['mice', 'wild', 'type', 'mapped', 'animals']","['mice', 'mice', 'mice']","['GSE106591', 'GSE205070', 'GSE210492', 'GSE106591', 'GSE106591', 'GSE106591', 'GSE106591']"
6,24,6_gene_deletion_genome_knockout,"['gene', 'deletion', 'genome', 'knockout', 'syngeneic', 'genetic']","['gene', 'gene', 'gene']","['GSE106591', 'GSE205070', 'GSE210492', 'GSE106591', 'GSE106591', 'GSE205070', 'GSE205070', 'GSE143281', 'GSE205070', 'GSE205070']"
7,23,7_genes_processes_corpses_causally,"['genes', 'processes', 'corpses', 'causally', 'alleles']","['genes', 'genes', 'genes']","['GSE106591', 'GSE205070', 'GSE205070', 'GSE205070', 'GSE205070', 'GSE205070']"
8,22,8_mir_211_efemp1_mice,"['mir', '211', 'efemp1', 'mice']","['miR-211-/-', 'miR-211-/-', 'miR-211-/-']","['GSE106591', 'GSE106591', 'GSE210492', 'GSE106591', 'GSE205070', 'GSE210492']"
9,22,9_mertk_r345w_doyne_wheeler,"['mertk', 'r345w', 'doyne', 'wheeler', 'rsem45', 'burrows']","['Mertk', 'Mertk', 'Mertk']","['GSE205070', 'GSE210492', 'GSE210492', 'GSE106591', 'GSE106591', 'GSE106591']"
10,22,10_seq_rna_taqman_hiseq,"['seq', 'rna', 'taqman', 'hiseq']","['RNA-Seq', 'RNA-seq', 'RNA-seq']","['GSE106591', 'GSE210492', 'GSE106591', 'GSE210492', 'GSE106591', 'GSE106591']"
11,21,11_set_system_quality_female,"['set', 'system', 'quality', 'female', 'functional', '1000', 'with', 'severe', 'role', 'independent']","['set', 'set', 'set']","['GSE210492', 'GSE106591', 'GSE106591', 'GSE210492', 'GSE143281', 'GSE106591', 'GSE205070', 'GSE205070', 'GSE205070', 'GSE205070']"
12,20,12_cornea_neural_cellular_,"['cornea', 'neural', 'cellular']","['cornea', 'cornea', 'cornea']","['GSE106591', 'GSE106591', 'GSE210492', 'GSE106591', 'GSE205070']"
13,20,13_expressed_paired_end_upregulated,"['expressed', 'paired', 'end', 'upregulated', 'decreased', 'dependent', 'context']","['expressed', 'expressed', 'expressed']","['GSE106591', 'GSE143281', 'GSE106591', 'GSE106591', 'GSE106591', 'GSE106591', 'GSE205070', 'GSE205070']"
14,20,14_next_isoform_generation_filters,"['next', 'isoform', 'generation', 'filters', 'aligner', 'kinase', 'debris', 'rna', 'protein', 'associated']","['Next-generation', 'Next-generation', 'Next-generation']","['GSE106591', 'GSE106591', 'GSE106591', 'GSE106591', 'GSE106591', 'GSE205070', 'GSE205070', 'GSE106591', 'GSE210492', 'GSE143281', 'GSE205070']"
15,18,15_libraries_goals_tumor_tissues,"['libraries', 'goals', 'tumor', 'tissues', 'immunity', 'disease', 'anti', 'resistant', 'pro', 'onset']","['goals', 'anti-tumor', 'anti-tumor']","['GSE106591', 'GSE106591', 'GSE205070', 'GSE143281', 'GSE205070', 'GSE205070', 'GSE205070', 'GSE205070', 'GSE205070', 'GSE205070']"
16,18,16_month_aged_deep_count,"['month', 'aged', 'deep', 'count', 'outer', 'female']","['month', 'month', 'month']","['GSE106591', 'GSE210492', 'GSE106591', 'GSE106591', 'GSE205070', 'GSE210492']"
17,18,17_anova_ki_efemp1ki_bwa,"['anova', 'ki', 'efemp1ki', 'bwa', 'efemp1', 'ko']","['Efemp1ki/ki', 'Efemp1ki/ki', 'Efemp1ki/ki']","['GSE106591', 'GSE210492', 'GSE210492', 'GSE106591', 'GSE210492', 'GSE205070']"
18,18,18_transcriptomes_transcriptome_transcriptional_transcript,"['transcriptomes', 'transcriptome', 'transcriptional', 'transcript', 'profiling', 'profiles']","['transcript', 'transcriptome', 'transcriptomes']","['GSE106591', 'GSE106591', 'GSE106591', 'GSE106591', 'GSE106591', 'GSE106591']"
19,17,19_wt_ko_tophat_cufflinks,"['wt', 'ko', 'tophat', 'cufflinks']","['WT', 'WT', 'WT']","['GSE106591', 'GSE205070', 'GSE106591', 'GSE106591']"
20,16,20_whole___,['whole'],"['whole', 'whole', 'Whole']","['GSE106591', 'GSE210492']"
21,16,21_lens_kidney_eye_,"['lens', 'kidney', 'eye']","['lens', 'lens', 'lens']","['GSE106591', 'GSE210492', 'GSE143281', 'GSE106591', 'GSE210492']"
22,16,22_quantified_systems_discovery_based,"['quantified', 'systems', 'discovery', 'based', 'investigated', 'diverse', 'conditional', 'modifier']","['systems-based', 'systems-based', 'systems-based']","['GSE106591', 'GSE106591', 'GSE106591', 'GSE106591', 'GSE143281', 'GSE143281', 'GSE143281', 'GSE205070']"
23,16,23_sequencing_sequenced__,"['sequencing', 'sequenced']","['sequencing', 'sequencing', 'sequencing']","['GSE106591', 'GSE210492', 'GSE106591']"
24,15,24_uxt_leventinese_tyro3_gaiix,"['uxt', 'leventinese', 'tyro3', 'gaiix', 'tyrosine']","['leventinese', 'UXT', 'leventinese']","['GSE143281', 'GSE210492', 'GSE205070', 'GSE106591', 'GSE205070']"
25,14,25_eye___,['eye'],"['eye', 'eye', 'eye']","['GSE106591', 'GSE210492']"
26,13,26_pcr_mrna_molecular_qrt,"['pcr', 'mrna', 'molecular', 'qrt', 'like', 'chaperone']","['mRNA', 'molecular', 'PCR']","['GSE106591', 'GSE106591', 'GSE205070', 'GSE143281', 'GSE106591', 'GSE143281', 'GSE143281']"
27,12,27_expression_cells__,"['expression', 'cells']","['expression', 'expression', 'expression']","['GSE106591', 'GSE205070', 'GSE210492', 'GSE205070']"
28,12,28_malattia_dystrophy_phagocytosis_macrophages,"['malattia', 'dystrophy', 'phagocytosis', 'macrophages', 'macrophage', 'epithelia', 'epistasis', 'apoptotic']","['dystrophy/malattia', 'dystrophy/malattia', 'dystrophy/malattia']","['GSE210492', 'GSE210492', 'GSE205070', 'GSE205070', 'GSE205070', 'GSE205070', 'GSE205070', 'GSE205070']"
29,12,29_rate_false_effects_loss,"['rate', 'false', 'effects', 'loss', 'lost']","['False', 'Rate', 'Rate']","['GSE106591', 'GSE106591', 'GSE106591', 'GSE205070', 'GSE205070']"
30,11,30_mouse___,['mouse'],"['mouse', 'mouse', 'mouse']","['GSE106591', 'GSE205070', 'GSE143281']"
31,11,31_traits_abundances_trait_abundant,"['traits', 'abundances', 'trait', 'abundant', 'redundancy']","['abundances', 'traits', 'traits']","['GSE205070', 'GSE106591', 'GSE205070', 'GSE143281', 'GSE205070']"
