geo_accession,series_id,characteristics_ch1,extract_protocol_ch1,source_name_ch1,title,species
GSM2465746,GSE93961,"cell type: epithelial cell,tissue: mammary gland,cell markers: CD200pCD200R1n,strain: FVB/N,gender: female,age: 6-8 week-old","Mouse mammary cells were dissociated from the fourth inguinal mammary glands. Lin- cell suspension was prepared using the EasySep mouse mammary enrichment kit (StemCell Technologies, Vancouver, Canada).  Epithelial cells were resuspended in HF containing Hankâs balanced salt solution (HBSS, Biological Industries) supplemented with 0.1% (v/v) Hepes (Biological Industries) and 2% (v/v) fetal bovine serum (FBS, Biological Industries) at a concentration of 107 cell/ml and incubated for 90 min on ice with fluorescent conjugated antibodies. Cell viability was tested by staining with propidium iodide (PI) (Sigma St. Louis, MO) or BD Horizon Fixable Viability Stain 450 (FVS450, BD Biosciences) according to the manufacturers' protocol. Dispersed mouse mammary cells were sorted using FACSAria II. 1000 cells 9.5Âµl of RNAsin-containing lysis buffer, incubated for 5 min at room temperature and kept at -80Â°C.,SMART-Seq V4 Ultra Low Input RNA kit",mammary gland,CD200pCD200R1n mouse 2,mouse
GSM2465747,GSE93961,"cell type: epithelial cell,tissue: mammary gland,cell markers: CD200pCD200R1n,strain: FVB/N,gender: female,age: 6-8 week-old","Mouse mammary cells were dissociated from the fourth inguinal mammary glands. Lin- cell suspension was prepared using the EasySep mouse mammary enrichment kit (StemCell Technologies, Vancouver, Canada).  Epithelial cells were resuspended in HF containing Hankâs balanced salt solution (HBSS, Biological Industries) supplemented with 0.1% (v/v) Hepes (Biological Industries) and 2% (v/v) fetal bovine serum (FBS, Biological Industries) at a concentration of 107 cell/ml and incubated for 90 min on ice with fluorescent conjugated antibodies. Cell viability was tested by staining with propidium iodide (PI) (Sigma St. Louis, MO) or BD Horizon Fixable Viability Stain 450 (FVS450, BD Biosciences) according to the manufacturers' protocol. Dispersed mouse mammary cells were sorted using FACSAria II. 1000 cells 9.5Âµl of RNAsin-containing lysis buffer, incubated for 5 min at room temperature and kept at -80Â°C.,SMART-Seq V4 Ultra Low Input RNA kit",mammary gland,CD200pCD200R1n mouse 3,mouse
GSM2465749,GSE93961,"cell type: epithelial cell,tissue: mammary gland,cell markers: CD200pCD200R1n,strain: FVB/N,gender: female,age: 6-8 week-old","Mouse mammary cells were dissociated from the fourth inguinal mammary glands. Lin- cell suspension was prepared using the EasySep mouse mammary enrichment kit (StemCell Technologies, Vancouver, Canada).  Epithelial cells were resuspended in HF containing Hankâs balanced salt solution (HBSS, Biological Industries) supplemented with 0.1% (v/v) Hepes (Biological Industries) and 2% (v/v) fetal bovine serum (FBS, Biological Industries) at a concentration of 107 cell/ml and incubated for 90 min on ice with fluorescent conjugated antibodies. Cell viability was tested by staining with propidium iodide (PI) (Sigma St. Louis, MO) or BD Horizon Fixable Viability Stain 450 (FVS450, BD Biosciences) according to the manufacturers' protocol. Dispersed mouse mammary cells were sorted using FACSAria II. 1000 cells 9.5Âµl of RNAsin-containing lysis buffer, incubated for 5 min at room temperature and kept at -80Â°C.,SMART-Seq V4 Ultra Low Input RNA kit",mammary gland,CD200pCD200R1n mouse 5,mouse
GSM2465750,GSE93961,"cell type: epithelial cell,tissue: mammary gland,cell markers: CD200pCD200R1n,strain: FVB/N,gender: female,age: 6-8 week-old","Mouse mammary cells were dissociated from the fourth inguinal mammary glands. Lin- cell suspension was prepared using the EasySep mouse mammary enrichment kit (StemCell Technologies, Vancouver, Canada).  Epithelial cells were resuspended in HF containing Hankâs balanced salt solution (HBSS, Biological Industries) supplemented with 0.1% (v/v) Hepes (Biological Industries) and 2% (v/v) fetal bovine serum (FBS, Biological Industries) at a concentration of 107 cell/ml and incubated for 90 min on ice with fluorescent conjugated antibodies. Cell viability was tested by staining with propidium iodide (PI) (Sigma St. Louis, MO) or BD Horizon Fixable Viability Stain 450 (FVS450, BD Biosciences) according to the manufacturers' protocol. Dispersed mouse mammary cells were sorted using FACSAria II. 1000 cells 9.5Âµl of RNAsin-containing lysis buffer, incubated for 5 min at room temperature and kept at -80Â°C.,SMART-Seq V4 Ultra Low Input RNA kit",mammary gland,CD200pCD200R1n mouse 6,mouse
GSM2816836,GSE105049,"genotype: Pten:beta-cat(Act.),tissue: Bone Marrow,cell type: BlastCell,treatment: Chemotherapy","1,000 cells per sample were sorted into 96-well plates with 7 ul lysis buffer containing RNase inhibitor (2 U/Î¼l) from BM. First-strand cDNA synthesis and cDNA libraries were constructed using the SMARTer ultra low input RNA kit for sequencing - v3 (Clontech) following the manufacturerâs instructions. cDNA quality was determined by Agilent high sensitivity DNA kit on Agilent 2100 BioAnalyzer (Agilent Technologies).,RNA-seq libraries were prepared using the SMARTer ultra low input RNA kit for sequencing - v3 (Clontech Nextera)",BlastCellChemo,BlastCellChemoB2,mouse
GSM2816837,GSE105049,"genotype: Pten:beta-cat(Act.),tissue: Bone Marrow,cell type: BlastCell,treatment: Chemotherapy","1,000 cells per sample were sorted into 96-well plates with 7 ul lysis buffer containing RNase inhibitor (2 U/Î¼l) from BM. First-strand cDNA synthesis and cDNA libraries were constructed using the SMARTer ultra low input RNA kit for sequencing - v3 (Clontech) following the manufacturerâs instructions. cDNA quality was determined by Agilent high sensitivity DNA kit on Agilent 2100 BioAnalyzer (Agilent Technologies).,RNA-seq libraries were prepared using the SMARTer ultra low input RNA kit for sequencing - v3 (Clontech Nextera)",BlastCellChemo,BlastCellChemoB3,mouse
GSM2816898,GSE105049,"genotype: Pten:beta-cat(Act.),tissue: Bone Marrow,cell type: LSC,treatment: [Low]DXR","1,000 cells per sample were sorted into 96-well plates with 7 ul lysis buffer containing RNase inhibitor (2 U/Î¼l) from BM. First-strand cDNA synthesis and cDNA libraries were constructed using the SMARTer ultra low input RNA kit for sequencing - v3 (Clontech) following the manufacturerâs instructions. cDNA quality was determined by Agilent high sensitivity DNA kit on Agilent 2100 BioAnalyzer (Agilent Technologies).,RNA-seq libraries were prepared using the SMARTer ultra low input RNA kit for sequencing - v3 (Clontech Nextera)",LSCLowDXR,LSCLowDXRB1,mouse
GSM3386299,GSE119884,"strain/background: BALB/c,gender: Female,tissue: Lymph node,virus: MVA SHIV,time: Day 1","Total RNA was purified using RNeasy Micro Kit (Qiagen). Standard quality control steps were included to determine total RNA quality using Agilent 2100 Bioanalyzer (RNA integrity number (RIN) >8.5; Eukaryote Total RNA Pico Kit, Agilent, USA).,Libraries were prepared on cDNA generated using SMART-Seq v4 Ultra Low Input RNA Kit. Illumina adapters were ligated using the NexteraXT DNA kit for Illumina sequencing.",Lymph node,7_MVA_SHIV_Ms2_MVA1_Day1,mouse
GSM3464183,GSE122336,"mouse strain: FVB/N,genotype: MMTV-neu202Mul,tissue: transplanted mammary tumor","Fresh mammary tumors were enzymatically digested.  Cells for single cell RNA-seq were prepared by density centrifugation using Ficoll-Paque media (GE Healthcare) followed by magnetic-activated cell sorting (Miltenyi) based separation or enrichment.,RNA libraries were prepared for sequencing using standard Illumina protocols for Nextera XT DNA sample prep kit",Tumor  infiltrating leukocytes/CD45+ cells from Ab+Cabo+ICB treated Ab+Pal resistant transplanted tumor,APRTT_AIC_TIL_Rep1,mouse
GSM3985858,GSE135096,"tissue: mammary tumor with systemic Akt2 deletion,timepoint: 3 weeks after palpable tumor devloped","Drop-seq on the single cell suspension,Nextera XT tagmentation using Illumina cat# FC-131-1096 (Drop-seq protocol)",MMTV-PyMT;Akt2 f/f ;R26Cre ERT2,Akt2_C single cell RNA-seq,mouse
GSM4396020,"GSE134659,GSE134663","organ: Spleen,cell type: GP38posCD31neg,condition: LCMVd8,age: 8 to 12 weeks,strain: C57BL/6J","Organs were digested with Accumax and structural cells isolated using FACS,For each individual assay, a maximum of 200 cells were sort-purified and deposited in 96-well plates con-taining 4 Î¼l lysis buffer (1:20 solution of RNase Inhibitor (Clontech) in 0.2% v/v Triton X-100 (Sigma-Aldrich)), spun down, and immediately frozen at -80ÂºC. Reverse transcription and PCR were performed as described (Picelli et al., 2014). Library preparation was conducted on 1 ng of cDNA using the Nextera XT DNA Sample Preparation Kit (Illumina) followed by SPRI (Beckman Coulter) size selection. Sequencing was performed by the Biomedical Sequencing Facility at CeMM using the Illumina HiSeq 3000/4000 platform and the 50-bp single-end configuration.",Murine structural cells,Spleen_Fibroblasts_LCMVd8_RNA_2,mouse
GSM7013990,"GSE224127,GSE224146","tissue: Thymus,genotype: Wild type,treatment: LPS_d2","Whole-tissue RNA extraction was performed as described previously (Surya et al., 2020). Briefly, tissues stored in RNA-preserving solution were thawed and transferred to 2 mL tubes containing 700-1500 ÂµL (depending on tissue) of PureZOL (Bio-Rad, 7326890) or homemade Trizol-like solution (38% phenol, 0.8 M guanidine thiocyanate, 0.4 M ammonium thiocyanate, 0.1 M sodium acetate, 5% glycerol). Tissues were lysed by adding 2.8-mm ceramic beads (OMNI International, 19-646) and running 1-3 cycles of 5-45 s at 3500 rpm on the PowerLyzer 24 (QIAGEN). For liver, brain, and small intestine samples, tissues were lysed with 3-5 mL using M tubes (Miltenyi biotec, 130-096-335) and running 1-4 cycles of the RNA_02.01 program on the gentleMACS Octo Dissociator (Miltenyi biotec). Next, lysates were processed in deep 96-well plates (USA Scientific 1896-2000) by adding chloroform for phase separation by centrifugation, followed by precipitation of total RNA in the aqueous phase using magnetic beads coated with silane (Dynabeads MyOne Silane; TermoFisher Scientific 37002D), buffer RLT (QIAGEN 79216), and ethanol. Genomic DNA contamination was removed by on-bead DNase I (ThermoFisher Scientific AM2239) treatment at 37 Â°C for 20 min. After washing steps with 80% ethanol, RNA was eluted from beads. This RNA extraction protocol was performed on the Bravo Automated Liquid Handling Platform (Agilent). Sample concentrations were measured using a Nanodrop One (Termo Scientific). RNA quality was confirmed using a Tapestation 4200 (Agilent Technologies).,For each tissue sample, full-length cDNA was synthesized in 20 Âµl final reaction volume containing the following: (1) 10 Âµl of 10 ng/Âµl RNA; (2) 1 Âµl containing 2 pmoles of a custom RT primer biotinylated in 5â and containing sequences from 5â to 3â for the Illumina read 1 primer, a 6-bp sample barcode (up to 384), a 10-bp unique molecular identifier (UMI), and an anchored oligo(dT)30 for priming; and (3) 9 Âµl of RT mix containing 4 Âµl of 5X RT buffer, 1 Âµl of 10 mM dNTPs, 2 pmoles of template switching oligo (TSO), and 0.25 Âµl of Maxima H Minus Reverse Trascriptase (Thermo Scientific, EP0753). First, barcoded RT primers were added to RNA, which were then denatured at 72Â°C for 1 min and snap cooled on ice. Second, the RT mix was added, and plates were incubated at 42Â°C for 120 min. For each library, double stranded cDNA from up to 384 samples were pooled using DNA Clean & Concentrator-5 columns (Zymo Research, D4013), and residual RT primers were removed using exonuclease I (New England Biolabs, M0293). Full-length cDNAs were amplified with 5 to 8 cycles of single-primer PCR using the Advantage 2 PCR Kit (clontech 639206) and cleaned up using SPRIselect magnetic beads (Beckman Coulter B23318). cDNA was quantified with a Qubit dsDNA High Sensitivity Assay Kit (ThermoFisher Scientific 32851) and 50 ng of cDNA per pool of samples was tagmented using the Tagment DNA Enzyme I (Illumina 20034197) and amplified using the NEBNext Ultra II Q5 Master Mix (NEW ENGLAND BioLabs M0544L). Libraries were gel purified using 2% E-Gel EX Agarose Gels (ThermoFisher Scientific G402002), quantified with a Qubit dsDNA High Sensitivity Assay Kit (ThermoFisher Scientific Q32851) and a Tapestation 4200 (Agilent Technologies), and sequenced on the NextSeq 550 platform (Illumina).",Thymus,TH_m18,mouse
GSM7014081,"GSE224127,GSE224146","tissue: Thymus,genotype: Wild type,treatment: sham_d0.5","Whole-tissue RNA extraction was performed as described previously (Surya et al., 2020). Briefly, tissues stored in RNA-preserving solution were thawed and transferred to 2 mL tubes containing 700-1500 ÂµL (depending on tissue) of PureZOL (Bio-Rad, 7326890) or homemade Trizol-like solution (38% phenol, 0.8 M guanidine thiocyanate, 0.4 M ammonium thiocyanate, 0.1 M sodium acetate, 5% glycerol). Tissues were lysed by adding 2.8-mm ceramic beads (OMNI International, 19-646) and running 1-3 cycles of 5-45 s at 3500 rpm on the PowerLyzer 24 (QIAGEN). For liver, brain, and small intestine samples, tissues were lysed with 3-5 mL using M tubes (Miltenyi biotec, 130-096-335) and running 1-4 cycles of the RNA_02.01 program on the gentleMACS Octo Dissociator (Miltenyi biotec). Next, lysates were processed in deep 96-well plates (USA Scientific 1896-2000) by adding chloroform for phase separation by centrifugation, followed by precipitation of total RNA in the aqueous phase using magnetic beads coated with silane (Dynabeads MyOne Silane; TermoFisher Scientific 37002D), buffer RLT (QIAGEN 79216), and ethanol. Genomic DNA contamination was removed by on-bead DNase I (ThermoFisher Scientific AM2239) treatment at 37 Â°C for 20 min. After washing steps with 80% ethanol, RNA was eluted from beads. This RNA extraction protocol was performed on the Bravo Automated Liquid Handling Platform (Agilent). Sample concentrations were measured using a Nanodrop One (Termo Scientific). RNA quality was confirmed using a Tapestation 4200 (Agilent Technologies).,For each tissue sample, full-length cDNA was synthesized in 20 Âµl final reaction volume containing the following: (1) 10 Âµl of 10 ng/Âµl RNA; (2) 1 Âµl containing 2 pmoles of a custom RT primer biotinylated in 5â and containing sequences from 5â to 3â for the Illumina read 1 primer, a 6-bp sample barcode (up to 384), a 10-bp unique molecular identifier (UMI), and an anchored oligo(dT)30 for priming; and (3) 9 Âµl of RT mix containing 4 Âµl of 5X RT buffer, 1 Âµl of 10 mM dNTPs, 2 pmoles of template switching oligo (TSO), and 0.25 Âµl of Maxima H Minus Reverse Trascriptase (Thermo Scientific, EP0753). First, barcoded RT primers were added to RNA, which were then denatured at 72Â°C for 1 min and snap cooled on ice. Second, the RT mix was added, and plates were incubated at 42Â°C for 120 min. For each library, double stranded cDNA from up to 384 samples were pooled using DNA Clean & Concentrator-5 columns (Zymo Research, D4013), and residual RT primers were removed using exonuclease I (New England Biolabs, M0293). Full-length cDNAs were amplified with 5 to 8 cycles of single-primer PCR using the Advantage 2 PCR Kit (clontech 639206) and cleaned up using SPRIselect magnetic beads (Beckman Coulter B23318). cDNA was quantified with a Qubit dsDNA High Sensitivity Assay Kit (ThermoFisher Scientific 32851) and 50 ng of cDNA per pool of samples was tagmented using the Tagment DNA Enzyme I (Illumina 20034197) and amplified using the NEBNext Ultra II Q5 Master Mix (NEW ENGLAND BioLabs M0544L). Libraries were gel purified using 2% E-Gel EX Agarose Gels (ThermoFisher Scientific G402002), quantified with a Qubit dsDNA High Sensitivity Assay Kit (ThermoFisher Scientific Q32851) and a Tapestation 4200 (Agilent Technologies), and sequenced on the NextSeq 550 platform (Illumina).",Thymus,TH_m33,mouse
GSM8196052,GSE263655,"tissue: lymphoma,strain: C57BL/6,genotype: Aicda+/+,treatment: infected with superantigen-independent lymphomagenic MMTV strain","Library preparation and sequencing for TagSeq, a form of 3' RNA sequencing were performed by the Genomic Sequencing and Analysis Facility (GSAF) at The University of Texas at Austin. Total RNA was isolated from each sample (0.375 mL) by addition of Trizol (1.125 mL; Thermo Fisher) and the sample (1.4 mL) was transferred to a Phasemaker tube (Thermo Fisher). Total RNA was extracted following the protocol supplied by the manufacturer and further cleaned up using a RNeasy MinElute Cleanup Kit (QIAGEN).,RNA integrity number (RIN) was measured using an Agilent Bioanalyzer and 100 ng of RNA was used for the Tag-Seq protocol. The fragmentation/RT mix was prepared then added to each RNA sample and then heated to 95 degrees for 2.5 minutes on a Thermocyler then immediately put on ice for 2 minutes. After cooling and addition of the template switching oligo and SmartScribe RT the fragmented RNA reaction was incubated 42Â°C for 1hr, 65Â°C for 15 min. Next an AmPure bead clean-up was completed for the cDNA before it was amplified for 18 cycles, also incorporating the Illumina sequencing primer site, followed by another cleanup. The remaining portions of the Illumina adapater (the i5 and i7 indices) were then incorporated through an additional 4 cycles of PCR. Final libraries were quantified with PicoGreen then pooled equally for size selection using the Blue Pippin from 355-550 bp.",lymphoma,AidWT_RemWT_b29_1,mouse
GSM8196053,GSE263655,"tissue: lymphoma,strain: C57BL/6,genotype: Aicda+/+,treatment: infected with superantigen-independent lymphomagenic MMTV strain","Library preparation and sequencing for TagSeq, a form of 3' RNA sequencing were performed by the Genomic Sequencing and Analysis Facility (GSAF) at The University of Texas at Austin. Total RNA was isolated from each sample (0.375 mL) by addition of Trizol (1.125 mL; Thermo Fisher) and the sample (1.4 mL) was transferred to a Phasemaker tube (Thermo Fisher). Total RNA was extracted following the protocol supplied by the manufacturer and further cleaned up using a RNeasy MinElute Cleanup Kit (QIAGEN).,RNA integrity number (RIN) was measured using an Agilent Bioanalyzer and 100 ng of RNA was used for the Tag-Seq protocol. The fragmentation/RT mix was prepared then added to each RNA sample and then heated to 95 degrees for 2.5 minutes on a Thermocyler then immediately put on ice for 2 minutes. After cooling and addition of the template switching oligo and SmartScribe RT the fragmented RNA reaction was incubated 42Â°C for 1hr, 65Â°C for 15 min. Next an AmPure bead clean-up was completed for the cDNA before it was amplified for 18 cycles, also incorporating the Illumina sequencing primer site, followed by another cleanup. The remaining portions of the Illumina adapater (the i5 and i7 indices) were then incorporated through an additional 4 cycles of PCR. Final libraries were quantified with PicoGreen then pooled equally for size selection using the Blue Pippin from 355-550 bp.",lymphoma,AidWT_RemWT_b30_1,mouse
GSM8196057,GSE263655,"tissue: lymphoma,strain: C57BL/6,genotype: Aicda+/+,treatment: infected with a mutant MMTV strain defective in Rem and its cleavage product Rem-CT","Library preparation and sequencing for TagSeq, a form of 3' RNA sequencing were performed by the Genomic Sequencing and Analysis Facility (GSAF) at The University of Texas at Austin. Total RNA was isolated from each sample (0.375 mL) by addition of Trizol (1.125 mL; Thermo Fisher) and the sample (1.4 mL) was transferred to a Phasemaker tube (Thermo Fisher). Total RNA was extracted following the protocol supplied by the manufacturer and further cleaned up using a RNeasy MinElute Cleanup Kit (QIAGEN).,RNA integrity number (RIN) was measured using an Agilent Bioanalyzer and 100 ng of RNA was used for the Tag-Seq protocol. The fragmentation/RT mix was prepared then added to each RNA sample and then heated to 95 degrees for 2.5 minutes on a Thermocyler then immediately put on ice for 2 minutes. After cooling and addition of the template switching oligo and SmartScribe RT the fragmented RNA reaction was incubated 42Â°C for 1hr, 65Â°C for 15 min. Next an AmPure bead clean-up was completed for the cDNA before it was amplified for 18 cycles, also incorporating the Illumina sequencing primer site, followed by another cleanup. The remaining portions of the Illumina adapater (the i5 and i7 indices) were then incorporated through an additional 4 cycles of PCR. Final libraries were quantified with PicoGreen then pooled equally for size selection using the Blue Pippin from 355-550 bp.",lymphoma,AidWT_RemSD_b33_6,mouse
GSM8196066,GSE263655,"tissue: lymphoma,strain: C57BL/6,genotype: Aicda-/-,treatment: infected with a mutant MMTV strain defective in Rem and its cleavage product Rem-CT","Library preparation and sequencing for TagSeq, a form of 3' RNA sequencing were performed by the Genomic Sequencing and Analysis Facility (GSAF) at The University of Texas at Austin. Total RNA was isolated from each sample (0.375 mL) by addition of Trizol (1.125 mL; Thermo Fisher) and the sample (1.4 mL) was transferred to a Phasemaker tube (Thermo Fisher). Total RNA was extracted following the protocol supplied by the manufacturer and further cleaned up using a RNeasy MinElute Cleanup Kit (QIAGEN).,RNA integrity number (RIN) was measured using an Agilent Bioanalyzer and 100 ng of RNA was used for the Tag-Seq protocol. The fragmentation/RT mix was prepared then added to each RNA sample and then heated to 95 degrees for 2.5 minutes on a Thermocyler then immediately put on ice for 2 minutes. After cooling and addition of the template switching oligo and SmartScribe RT the fragmented RNA reaction was incubated 42Â°C for 1hr, 65Â°C for 15 min. Next an AmPure bead clean-up was completed for the cDNA before it was amplified for 18 cycles, also incorporating the Illumina sequencing primer site, followed by another cleanup. The remaining portions of the Illumina adapater (the i5 and i7 indices) were then incorporated through an additional 4 cycles of PCR. Final libraries were quantified with PicoGreen then pooled equally for size selection using the Blue Pippin from 355-550 bp.",lymphoma,AidKO_RemSD_b35_1,mouse
GSM8196070,GSE263655,"tissue: lymphoma,strain: C57BL/6,genotype: Aicda-/-,treatment: infected with a mutant MMTV strain defective in Rem and its cleavage product Rem-CT","Library preparation and sequencing for TagSeq, a form of 3' RNA sequencing were performed by the Genomic Sequencing and Analysis Facility (GSAF) at The University of Texas at Austin. Total RNA was isolated from each sample (0.375 mL) by addition of Trizol (1.125 mL; Thermo Fisher) and the sample (1.4 mL) was transferred to a Phasemaker tube (Thermo Fisher). Total RNA was extracted following the protocol supplied by the manufacturer and further cleaned up using a RNeasy MinElute Cleanup Kit (QIAGEN).,RNA integrity number (RIN) was measured using an Agilent Bioanalyzer and 100 ng of RNA was used for the Tag-Seq protocol. The fragmentation/RT mix was prepared then added to each RNA sample and then heated to 95 degrees for 2.5 minutes on a Thermocyler then immediately put on ice for 2 minutes. After cooling and addition of the template switching oligo and SmartScribe RT the fragmented RNA reaction was incubated 42Â°C for 1hr, 65Â°C for 15 min. Next an AmPure bead clean-up was completed for the cDNA before it was amplified for 18 cycles, also incorporating the Illumina sequencing primer site, followed by another cleanup. The remaining portions of the Illumina adapater (the i5 and i7 indices) were then incorporated through an additional 4 cycles of PCR. Final libraries were quantified with PicoGreen then pooled equally for size selection using the Blue Pippin from 355-550 bp.",lymphoma,AidKO_RemSD_b48b_4,mouse
